Name,log_lambda,dlog_lambda,delta_tau,omega,D,flux
And XVIII,-5.183822705262352,1.13,106465.10589538851,0.046371115637752855,1.31,0.0
PAndAS-03,-7.724176091192919,1.13,37744.51979881961,0.13079794797164312,0.78,0.0
PAndAS-04,-5.544176091192919,0.78,37744.51979881961,0.13079794797164312,0.78,0.0
PAndAS-05,-7.344176091192919,1.13,37744.51979881961,0.13079794797164312,0.78,0.0
And XX,-5.812185322589993,0.78,39704.95179363009,0.12433979929054323,0.8,0.0
NGC0059,-1.1361827784625178,0.78,139587.72114948079,0.0033143470031631677,4.9,0.0
And XIX,-5.12139939946601,1.13,53657.52000986044,0.09200771366163447,0.93,0.0
And XXVI,-7.0967381120122965,1.13,35833.718993751165,0.1377726307928457,0.76,0.0
Sc22,-4.286182778462518,0.78,139587.72114948079,0.004323899106500599,4.29,0.0
And XXV,-5.66139525881658,1.13,40703.77948718861,0.12128863213831377,0.81,0.0
NGC0147,-6.076738112012297,0.78,35833.718993751165,0.1377726307928457,0.76,0.0
And III,-5.96824276979048,0.78,34896.930287370196,0.1414710605261292,0.75,0.0
Cas III,-4.504176091192919,1.13,37744.51979881961,0.13079794797164312,0.78,0.0
And XXX,-6.263347471161407,1.13,28686.827670897757,0.17209660801459267,0.68,0.0
And XXVII,-6.150209111821733,1.13,42738.658266612154,0.11551382137603089,0.83,0.0
NGC0185,-4.599277425490143,0.78,27024.18281453949,0.18268473724965026,0.66,0.0
And I,-6.321719576332969,0.78,33060.57626691481,0.1493290890334916,0.73,0.0
And XI,-5.531719576332969,0.78,33060.57626691481,0.1493290890334916,0.73,0.0
And XII,-6.6102091118217325,1.13,42738.658266612154,0.11551382137603089,0.83,0.0
Scl-MM-Dw1,-4.736182778462518,1.13,139587.72114948079,0.005126225330847721,3.94,0.0
Bol520,-6.159684197666716,0.78,24623.274010768415,0.20049753475925342,0.63,0.0
And XIV,-5.601719576332969,0.78,33060.57626691481,0.1493290890334916,0.73,0.0
And XIII,-6.609806724450117,1.13,43774.709352477184,0.11277986330208004,0.84,0.0
And IX,-6.583111113992997,0.78,38718.531897507106,0.12750756536764565,0.79,0.0
PAndAS-48,-7.3707375918064475,1.13,41715.01497818262,0.11834841098445521,0.82,0.0
And XVI,-6.036358609304282,0.78,16775.342132808724,0.294295382936197,0.52,0.0
Sculptor,-9.919880277695231,0.78,502.51579613813107,9.824379203203415,0.09,0.0
PAndAS-50,-6.814176091192919,1.13,37744.51979881961,0.13079794797164312,0.78,0.0
And X,-5.419684197666716,0.78,24623.274010768415,0.20049753475925342,0.63,0.0
PAndAS-C02,-7.214176091192919,1.13,37744.51979881961,0.13079794797164312,0.78,0.0
And V,-5.99139525881658,0.78,40703.77948718861,0.12128863213831377,0.81,0.0
And XV,-6.076738112012297,1.13,35833.718993751165,0.1377726307928457,0.76,0.0
And II,-6.512538583288169,0.78,26211.472082513625,0.18834904507916608,0.65,0.0
And XXIV,-6.582062795806593,1.13,22334.035383916933,0.22104853207207686,0.6,0.0
PAndAS-55,-7.224176091192919,1.13,37744.51979881961,0.13079794797164312,0.78,0.0
PAndAS-56,-6.304176091192919,1.13,37744.51979881961,0.13079794797164312,0.78,0.0
And XXII,-5.833111113992997,0.78,38718.531897507106,0.12750756536764565,0.79,0.0
PAndAS-57,-7.064176091192919,1.13,37744.51979881961,0.13079794797164312,0.78,0.0
PAndAS-58,-6.934176091192919,1.13,37744.51979881961,0.13079794797164312,0.78,0.0
And XXIII,-5.831719576332969,0.78,33060.57626691481,0.1493290890334916,0.73,0.0
Segue 2,-10.684122787134555,0.78,55.835088459792324,88.41941282883074,0.03,0.0
Eridanus 3,-10.47988027769523,1.13,502.51579613813107,9.824379203203415,0.09,0.0
[KK2000] 03,-3.906182778462518,1.13,139587.72114948079,0.019894367886486918,2.0,0.0
Fornax,-8.566109225217403,0.78,1215.964148679922,4.06007507887488,0.14,0.0
Horologium 1,-10.032185322589992,1.13,397.0495179363011,12.433979929054322,0.08,0.0
Horologium 2,-10.332185322589993,1.13,397.0495179363011,12.433979929054322,0.08,0.0
Reticulum 2,-11.164122787134556,1.13,55.835088459792324,88.41941282883074,0.03,0.0
Eridanus 2,-7.475760295039305,1.13,8040.252738210097,0.6140237002002135,0.36,0.0
Pictoris 1,-9.79557992625743,1.13,750.671744848319,6.57665054098741,0.11,0.0
Carina,-9.28836529657388,0.78,620.3898717754703,7.957747154594767,0.1,0.0
DDO044,-4.346182778462518,0.78,139587.72114948079,0.007722893949587803,3.21,0.0
KK70,-3.476182778462518,0.78,139587.72114948079,0.0009220589930947394,9.29,0.0
KK72,-3.3761827784625176,0.78,139587.72114948079,0.0008285867507907919,9.8,0.0
NGC2784 dw01,-3.0761827784625178,1.13,139587.72114948079,0.0008285867507907919,9.8,0.0
UGC05086,-3.7461827784625177,0.78,139587.72114948079,0.001004639206488419,8.9,0.0
[CKT2009]d0934+70,-3.5861827784625175,0.78,139587.72114948079,0.008725217265245786,3.02,0.0
[CKT2009]d0944+69,-5.636182778462518,1.13,139587.72114948079,0.005396692677540939,3.84,0.0
F8D1,-3.556182778462518,0.78,139587.72114948079,0.005658842421045168,3.75,0.0
FM1,-4.106182778462518,0.78,139587.72114948079,0.005569375965534817,3.78,0.0
KK77,-4.106182778462518,0.78,139587.72114948079,0.005510905231713828,3.8,0.0
[CKT2009]d0955+70,-5.026182778462518,1.13,139587.72114948079,0.00668577790766206,3.45,0.0
KKSG16,-3.646182778462518,1.13,139587.72114948079,0.0008457590769045348,9.7,0.0
KKH57,-4.176182778462517,0.78,139587.72114948079,0.005876171989156107,3.68,0.0
BK5N,-4.286182778462518,0.78,139587.72114948079,0.005812817497877843,3.7,0.0
KDG063,-3.2961827784625175,0.78,139587.72114948079,0.005973163561339665,3.65,0.0
KDG065,-3.7561827784625175,0.78,139587.72114948079,0.0008457590769045348,9.7,0.0
[CKT2009]d1006+67,-5.206182778462518,1.13,139587.72114948079,0.006106266184724463,3.61,0.0
KDG064,-3.596182778462518,0.78,139587.72114948079,0.005658842421045168,3.75,0.0
Segue 1,-12.056305305245917,1.13,24.815594871018817,198.94367886486916,0.02,0.0
IKN,-4.066182778462518,0.78,139587.72114948079,0.005658842421045168,3.75,0.0
SexDSph,-9.56988027769523,0.78,502.51579613813107,9.824379203203415,0.09,0.0
DDO078,-4.226182778462518,0.78,139587.72114948079,0.006571002736982071,3.48,0.0
BK6N,-4.276182778462518,0.78,139587.72114948079,0.007263302776165577,3.31,0.0
UMa I,-9.00836529657388,1.13,620.3898717754703,7.957747154594767,0.1,0.0
LeG14,-3.946182778462518,1.13,139587.72114948079,0.0007357384573404925,10.4,0.0
KK93,-3.656182778462518,1.13,139587.72114948079,0.0007357384573404925,10.4,0.0
KK96,-3.6361827784625183,0.78,139587.72114948079,0.0007357384573404925,10.4,0.0
LSBC D640-08,-3.866182778462518,0.78,139587.72114948079,0.0007357384573404925,10.4,0.0
LeoII,-8.192485279229805,0.78,3877.4366985966885,1.2732395447351628,0.25,0.0
LeoV,-8.917820286367268,1.13,2010.0631845525231,2.456094800800854,0.18,0.0
LeoIV,-9.170125331262032,0.78,1588.198071745204,3.1084949822635806,0.16,0.0
Crater,-8.367467453817332,1.13,1792.9267294311098,2.7535457282334828,0.17,0.0
Crater 2,-7.89000280447863,1.13,893.3614153566772,5.5262133018019215,0.12,0.0
BTS116,-3.696182778462518,1.13,139587.72114948079,0.005074576034712508,3.96,0.0
KK134,-3.5761827784625178,0.78,139587.72114948079,0.0013562276575944288,7.66,0.0
d1219+4705,-4.176182778462517,1.13,139587.72114948079,0.0013562276575944288,7.66,0.0
[KKH2011]S11,-3.6361827784625183,0.78,139587.72114948079,0.0013562276575944288,7.66,0.0
KK136,-3.7461827784625177,1.13,139587.72114948079,0.0013562276575944288,7.66,0.0
d1220+4649,-4.106182778462518,0.78,139587.72114948079,0.0013562276575944288,7.66,0.0
BTS132,-4.106182778462518,0.78,139587.72114948079,0.0013562276575944288,7.66,0.0
ComaI,-10.444245313917957,1.13,99.26237948407525,49.73591971621729,0.04,0.0
KKSG31,-3.616182778462518,1.13,139587.72114948079,0.0008725360768174958,9.55,0.0
N4594-DGSAT-3,-4.106182778462518,1.13,139587.72114948079,0.0008725360768174958,9.55,0.0
Sombrero DwA,-4.516182778462518,1.13,139587.72114948079,0.0008725360768174958,9.55,0.0
KKSG32,-3.946182778462518,0.78,139587.72114948079,0.0008725360768174958,9.55,0.0
KKSG33,-3.906182778462518,1.13,139587.72114948079,0.0008725360768174958,9.55,0.0
Sombrero DwB,-4.2961827784625175,1.13,139587.72114948079,0.0008725360768174958,9.55,0.0
KKSG34,-3.696182778462518,1.13,139587.72114948079,0.0008725360768174958,9.55,0.0
NGC4627,-3.396182778462518,0.78,139587.72114948079,0.0014932908903349162,7.3,0.0
KK166,-4.036182778462518,0.78,139587.72114948079,0.004129154142306634,4.39,0.0
ESO219-010,-2.2661827784625177,0.78,139587.72114948079,0.004323899106500599,4.29,0.0
KDG216,-3.7161827784625174,1.13,139587.72114948079,0.002210485320720769,6.0,0.0
CVnII,-8.65012533126203,0.78,1588.198071745204,3.1084949822635806,0.16,0.0
[KK2000] 53,-4.036182778462518,1.13,139587.72114948079,0.009333068064593225,2.92,0.0
KK189,-4.016182778462518,1.13,139587.72114948079,0.004447432867000187,4.23,0.0
KK197,-3.3761827784625176,1.13,139587.72114948079,0.005396692677540939,3.84,0.0
[KK2000] 55,-3.686182778462518,1.13,139587.72114948079,0.005368694319173395,3.85,0.0
KK198,-3.476182778462518,0.78,139587.72114948079,0.0033143470031631677,4.9,0.0
AM1320-230,-3.526182778462518,0.78,139587.72114948079,0.0033143470031631677,4.9,0.0
CVnI,-7.083519934929467,1.13,3002.686979393277,1.6441626352468526,0.22,0.0
NGC5206,-2.526182778462518,1.13,139587.72114948079,0.007722893949587803,3.21,0.0
KK208,-4.446182778462518,0.78,139587.72114948079,0.0031704045619717724,5.01,0.0
[KK2000] 57,-4.216182778462517,1.13,139587.72114948079,0.005396692677540939,3.84,0.0
KK213,-3.976182778462518,1.13,139587.72114948079,0.005598960911984722,3.77,0.0
[KK2000] 58,-4.286182778462518,1.13,139587.72114948079,0.006140237002002134,3.6,0.0
KK217,-4.276182778462518,1.13,139587.72114948079,0.00649612012619981,3.5,0.0
KK218,-4.096182778462518,1.13,139587.72114948079,0.003260890669653152,4.94,0.0
CenN,-4.176182778462517,1.13,139587.72114948079,0.005940567913788682,3.66,0.0
BootesIII,-9.190425287901842,1.13,155.09746794386754,31.830988618379067,0.05,0.0
UMin,-8.512062795806592,1.13,223.3403538391692,22.104853207207686,0.06,0.0
Hercules,-8.136182778462517,1.13,1395.8772114948083,3.53677651315323,0.15,0.0
Draco,-7.602185322589993,1.13,397.0495179363011,12.433979929054322,0.08,0.0
Sag dSph,-7.216305305245918,1.13,24.815594871018817,198.94367886486916,0.02,0.0
Kim2,-9.76836529657388,1.13,620.3898717754703,7.957747154594767,0.1,0.0
Segue 3,-12.106305305245916,1.13,24.815594871018817,198.94367886486916,0.02,0.0
KK258,-3.8361827784625175,0.78,139587.72114948079,0.015859668276855,2.24,0.0
Tucana 2,-10.112062795806594,1.13,223.3403538391692,22.104853207207686,0.06,0.0
Grus 1,-9.690002804478631,1.13,893.3614153566772,5.5262133018019215,0.12,0.0
Lac I,-4.746738112012297,1.13,35833.718993751165,0.1377726307928457,0.76,0.0
PiscesII,-8.497820286367268,0.78,2010.0631845525231,2.456094800800854,0.18,0.0
ApplesI,-5.266182778462518,1.13,139587.72114948079,0.0011495913395945195,8.32,0.0
Cas dSph,-5.790737591806447,0.78,41715.01497818262,0.11834841098445521,0.82,0.0
Phoenix 2,-10.282185322589992,1.13,397.0495179363011,12.433979929054322,0.08,0.0
Peg dSph,-6.050737591806447,0.78,41715.01497818262,0.11834841098445521,0.82,0.0
And XXI,-5.6493683940867445,1.13,45884.03491651379,0.10759528332334732,0.86,0.0
PAndAS-01,-6.344176091192919,1.13,37744.51979881961,0.13079794797164312,0.78,0.0
PAndAS-02,-6.644176091192919,1.13,37744.51979881961,0.13079794797164312,0.78,0.0
And XVII,-5.339901857111928,0.78,33972.54937842475,0.14532043744694606,0.74,0.0
NGC0205,-2.902185322589993,0.78,39704.95179363009,0.12433979929054323,0.8,0.0
MESSIER032,-5.593111113992997,0.78,38718.531897507106,0.12750756536764565,0.79,0.0
Scl-MM-Dw2,-4.136182778462518,1.13,139587.72114948079,0.008174871748227695,3.12,0.0
Cetus III,-9.432485279229805,1.13,3877.4366985966885,1.2732395447351628,0.25,0.0
UGC01703,-3.986182778462518,0.78,139587.72114948079,0.0042838632191874336,4.31,0.0
Triangulum II,-11.494122787134554,1.13,55.835088459792324,88.41941282883074,0.03,0.0
Perseus I,-5.263111113992997,1.13,38718.531897507106,0.12750756536764565,0.79,0.0
Pictor II,-10.360425287901842,1.13,155.09746794386754,31.830988618379067,0.05,0.0
MADCASH J0742+65dw,-5.656182778462518,1.13,139587.72114948079,0.006924536990275726,3.39,0.0
UMa II,-11.624122787134556,0.78,55.835088459792324,88.41941282883074,0.03,0.0
N2683dw2,-4.366182778462518,1.13,139587.72114948079,0.0008252150889737026,9.82,0.0
KSP-DW3,-3.266182778462518,1.13,139587.72114948079,0.0008252150889737026,9.82,0.0
KSP-DW6,-4.516182778462518,1.13,139587.72114948079,0.0008252150889737026,9.82,0.0
KSP-DW13,-3.6361827784625183,1.13,139587.72114948079,0.0008252150889737026,9.82,0.0
KSP-DW14,-3.656182778462518,1.13,139587.72114948079,0.0008252150889737026,9.82,0.0
KSP-DW15,-3.6661827784625176,1.13,139587.72114948079,0.0008252150889737026,9.82,0.0
NGC2784,-0.21618277846251777,0.78,139587.72114948079,0.0008252150889737026,9.82,0.0
KSP-DW20,-4.0461827784625175,1.13,139587.72114948079,0.0008252150889737026,9.82,0.0
KSP-DW21,-5.056182778462518,1.13,139587.72114948079,0.0008252150889737026,9.82,0.0
KSP-DW23,-5.186182778462518,1.13,139587.72114948079,0.0008252150889737026,9.82,0.0
d1005+68,-5.596182778462518,1.13,139587.72114948079,0.005023703413168081,3.98,0.0
LeG09,-3.866182778462518,1.13,139587.72114948079,0.0007357384573404925,10.4,0.0
LeG16,-4.066182778462518,1.13,139587.72114948079,0.0007357384573404925,10.4,0.0
NGC3377,-0.9461827784625177,0.78,139587.72114948079,0.0007329168359417669,10.42,0.0
Willman1,-11.034245313917957,0.78,99.26237948407525,49.73591971621729,0.04,0.0
LeG26,-3.006182778462518,0.78,139587.72114948079,0.0007357384573404925,10.4,0.0
KKH65,-3.4661827784625174,1.13,139587.72114948079,0.0007957747154594767,10.0,0.0
LeG27,-3.1761827784625174,0.78,139587.72114948079,0.0007357384573404925,10.4,0.0
LSBC D640-14,-3.566182778462518,0.78,139587.72114948079,0.0007357384573404925,10.4,0.0
KKH67,-3.866182778462518,1.13,139587.72114948079,0.0007957747154594767,10.0,0.0
PGC4561602,-3.6761827784625174,0.78,139587.72114948079,0.0020371832715762603,6.25,0.0
Virgo I,-10.95988027769523,1.13,502.51579613813107,9.824379203203415,0.09,0.0
PGC4560429,-4.146182778462518,1.13,139587.72114948079,0.0019611520728776144,6.37,0.0
N4258dwC,-4.346182778462518,1.13,139587.72114948079,0.0013562276575944288,7.66,0.0
KDG090,-4.2561827784625175,0.78,139587.72114948079,0.00896102332619563,2.98,0.0
PGC213976,-3.606182778462518,0.78,139587.72114948079,0.0013923439913837042,7.56,0.0
PGC1853813,-3.006182778462518,0.78,139587.72114948079,0.0012310566499892902,8.04,0.0
Hydra II,-9.080478591960206,1.13,1048.4588833005453,4.708726126979152,0.13,0.0
PGC40195,-3.266182778462518,0.78,139587.72114948079,0.00154362302329179,7.18,0.0
N4258dwB,-4.076182778462518,1.13,139587.72114948079,0.0013562276575944288,7.66,0.0
NGC 4631dw3,-4.666182778462518,1.13,139587.72114948079,0.0014532043744694607,7.4,0.0
BTS151,-3.7461827784625177,1.13,139587.72114948079,0.0014932908903349162,7.3,0.0
KK177,-4.156182778462518,1.13,139587.72114948079,0.004110406588117131,4.4,0.0
KK180,-4.136182778462518,1.13,139587.72114948079,0.004110406588117131,4.4,0.0
CenA-MM-Dw5,-5.976182778462518,1.13,139587.72114948079,0.00680358670581954,3.42,0.0
CenA-MM-Dw4,-4.596182778462518,1.13,139587.72114948079,0.005205190412539666,3.91,0.0
NGC5128,0.7838172215374823,0.78,139587.72114948079,0.005876171989156107,3.68,0.03198725019587778
CenA-MM-Dw6,-5.2561827784625175,1.13,139587.72114948079,0.006140237002002134,3.6,0.0
dw1326-29,-4.626182778462518,1.13,139587.72114948079,0.0033143470031631677,4.9,0.0
CenA-MM-Dw7,-5.396182778462518,1.13,139587.72114948079,0.006924536990275726,3.39,0.0
CenA-MM-Dw2,-5.466182778462517,1.13,139587.72114948079,0.006140237002002134,3.6,0.0
dw1330-34,-4.716182778462517,1.13,139587.72114948079,0.0033143470031631677,4.9,0.0
dw1330-33,-5.316182778462518,1.13,139587.72114948079,0.0033143470031631677,4.9,0.0
CenA-MM-Dw1,-3.5061827784625175,1.13,139587.72114948079,0.006039164867757036,3.63,0.0
CenA-MM-Dw3,-3.616182778462518,1.13,139587.72114948079,0.0037444521504203187,4.61,0.0
CenA-MM-Dw9,-4.5861827784625175,1.13,139587.72114948079,0.005510905231713828,3.8,0.0
CenA-MM-Dw8,-5.016182778462518,1.13,139587.72114948079,0.006608930523959809,3.47,0.0
dw1335-29,-4.716182778462517,1.13,139587.72114948079,0.0031704045619717724,5.01,0.0
dw1336-32,-4.306182778462518,1.13,139587.72114948079,0.0033143470031631677,4.9,0.0
dw1337-26,-4.426182778462517,1.13,139587.72114948079,0.0033143470031631677,4.9,0.0
dw1340-30,-4.636182778462518,1.13,139587.72114948079,0.0033143470031631677,4.9,0.0
dw1341-33,-4.446182778462518,1.13,139587.72114948079,0.0033143470031631677,4.9,0.0
KK211,-3.7461827784625177,1.13,139587.72114948079,0.005876171989156107,3.68,0.0
M101Dw9,-5.346182778462518,1.13,139587.72114948079,0.0016474814253081655,6.95,0.0
KK227,-3.616182778462518,1.13,139587.72114948079,0.0009737630142575243,9.04,0.0
BootesII,-11.434245313917955,0.78,99.26237948407525,49.73591971621729,0.04,0.0
BootesI,-9.038169216545366,1.13,303.99103716998053,16.24030031549952,0.07,0.0
M101Dw10,-5.826182778462518,1.13,139587.72114948079,0.0016474814253081655,6.95,0.0
M101-df3,-4.226182778462518,1.13,139587.72114948079,0.0018719530172839512,6.52,0.0
M101dwD,-4.536182778462518,1.13,139587.72114948079,0.0016474814253081655,6.95,0.0
M101-dwA,-4.536182778462518,1.13,139587.72114948079,0.0016474814253081655,6.95,0.0
M101Dw7,-5.376182778462518,1.13,139587.72114948079,0.0016474814253081655,6.95,0.0
M101-df2,-4.766182778462518,1.13,139587.72114948079,0.001686074118129531,6.87,0.0
M101dwB,-4.886182778462518,1.13,139587.72114948079,0.0016474814253081655,6.95,0.0
M101Dw11,-5.2561827784625175,1.13,139587.72114948079,0.0016474814253081655,6.95,0.0
M101Dw14,-5.2961827784625175,1.13,139587.72114948079,0.0016474814253081655,6.95,0.0
Pegasus III,-8.933926707106043,1.13,2735.919334529824,1.8044778128332806,0.21,0.0
Aquarius 2,-9.30557992625743,0.78,750.671744848319,6.57665054098741,0.11,0.0
Tucana III,-11.294122787134555,1.13,55.835088459792324,88.41941282883074,0.03,0.0
And XXIX,-6.321719576332969,0.78,33060.57626691481,0.1493290890334916,0.73,0.0
Cetus,-5.033111113992997,1.13,38718.531897507106,0.12750756536764565,0.79,0.0
NGC0404,-0.6561827784625177,0.78,139587.72114948079,0.00896102332619563,2.98,0.0
N2146sat,-3.6361827784625183,0.78,139587.72114948079,0.003929751681281367,4.5,0.0
KSP-DW1,-3.696182778462518,1.13,139587.72114948079,0.0008252150889737026,9.82,0.0
KSP-DW17,-3.106182778462518,1.13,139587.72114948079,0.0008252150889737026,9.82,0.0
KK73,-2.0761827784625178,0.78,139587.72114948079,0.0008285867507907919,9.8,0.0
KK74,-2.966182778462518,1.13,139587.72114948079,0.0008252150889737026,9.82,0.0
KSP-DW28,-3.146182778462518,0.78,139587.72114948079,0.0008252150889737026,9.82,0.0
[CKT2009]d0944+71,-5.026182778462518,0.78,139587.72114948079,0.006608930523959809,3.47,0.0
KDG061,-4.096182778462518,0.78,139587.72114948079,0.005940567913788682,3.66,0.0
NGC3115,-0.31618277846251763,0.78,139587.72114948079,0.0008492575595283331,9.68,0.0
KKSG18,-2.0561827784625177,0.78,139587.72114948079,0.0008457590769045348,9.7,0.0
LeoI,-5.638418600632244,1.13,4193.835533202178,1.177181531744788,0.26,0.0
[CKT2009]d1009+70,-2.526182778462518,0.78,139587.72114948079,0.0009824379203203417,9.0,0.0
[CKT2009]d1014+68,-4.0061827784625175,0.78,139587.72114948079,0.005396692677540939,3.84,0.0
[CKT2009]d1015+69,-4.686182778462518,0.78,139587.72114948079,0.004803981403204829,4.07,0.0
AGC205445,-3.0161827784625177,0.78,139587.72114948079,0.0007357384573404925,10.4,0.0
LeG17,-3.2561827784625175,1.13,139587.72114948079,0.0007357384573404925,10.4,0.0
LeG19,-3.5861827784625175,1.13,139587.72114948079,0.0007357384573404925,10.4,0.0
NGC3384,-0.8961827784625177,1.13,139587.72114948079,0.0008967849895414697,9.42,0.0
PGC032348,-2.866182778462518,1.13,139587.72114948079,0.0007357384573404925,10.4,0.0
AGC740112,-4.286182778462518,0.78,139587.72114948079,0.0016147894811313964,7.02,0.0
AGC205544,-3.306182778462518,1.13,139587.72114948079,0.0007357384573404925,10.4,0.0
AGC202456,-2.9361827784625176,1.13,139587.72114948079,0.0007357384573404925,10.4,0.0
NGC3521sat,-2.866182778462518,1.13,139587.72114948079,0.0006950604554629024,10.7,0.0
AGC213436,-3.236182778462518,0.78,139587.72114948079,0.00075009399138418,10.3,0.0
KDG078,-3.196182778462518,1.13,139587.72114948079,0.0008119321655540013,9.9,0.0
NGC3990,-1.9561827784625176,1.13,139587.72114948079,0.00075009399138418,10.3,0.0
KDG098,-3.366182778462518,0.78,139587.72114948079,0.0009824379203203417,9.0,0.0
PGC4555586,-3.1661827784625176,0.78,139587.72114948079,0.0011777320692209325,8.22,0.0
KK132,-4.466182778462517,0.78,139587.72114948079,0.0013562276575944288,7.66,0.0
KDG101,-3.0761827784625178,0.78,139587.72114948079,0.0015015070557969233,7.28,0.0
PGC4323538,-3.606182778462518,1.13,139587.72114948079,0.0014184907254344943,7.49,0.0
LV J1228+4358,-2.9561827784625176,1.13,139587.72114948079,0.004803981403204829,4.07,0.0
dw1240-42,-4.646182778462518,1.13,139587.72114948079,0.006140237002002134,3.6,0.0
SUCD1,-4.106182778462518,1.13,139587.72114948079,0.0008725360768174958,9.55,0.0
HSC-9,-4.406182778462518,1.13,139587.72114948079,0.0014932908903349162,7.3,0.0
dw1241-32,-5.096182778462518,1.13,139587.72114948079,0.006140237002002134,3.6,0.0
N4625A,-4.156182778462518,1.13,139587.72114948079,0.0012750756536764568,7.9,0.0
HSC-10,-4.646182778462518,1.13,139587.72114948079,0.0014932908903349162,7.3,0.0
dw1243-42,-4.826182778462518,1.13,139587.72114948079,0.006140237002002134,3.6,0.0
LV J1243+3232,-4.396182778462518,1.13,139587.72114948079,0.0014932908903349162,7.3,0.0
KK165,-4.056182778462518,1.13,139587.72114948079,0.00272899422311206,5.4,0.0
dw1251-40,-5.2561827784625175,1.13,139587.72114948079,0.006140237002002134,3.6,0.0
dw1252-40,-4.126182778462518,1.13,139587.72114948079,0.006140237002002134,3.6,0.0
dw1252-43,-5.216182778462517,1.13,139587.72114948079,0.006140237002002134,3.6,0.0
dw1255+40,-4.056182778462518,1.13,139587.72114948079,0.0009737630142575243,9.04,0.0
dw1257-41,-4.376182778462518,1.13,139587.72114948079,0.006140237002002134,3.6,0.0
dw1258-37,-4.986182778462518,1.13,139587.72114948079,0.006140237002002134,3.6,0.0
dw1301-30,-4.786182778462518,1.13,139587.72114948079,0.0033143470031631677,4.9,0.0
dw1302-40,-4.916182778462518,1.13,139587.72114948079,0.006140237002002134,3.6,0.0
KDG218,-4.126182778462518,0.78,139587.72114948079,0.0031830988618379067,5.0,0.0
dw1306-29,-4.636182778462518,1.13,139587.72114948079,0.0033143470031631677,4.9,0.0
dw1308+40,-3.9561827784625176,1.13,139587.72114948079,0.0009737630142575243,9.04,0.0
ESO269-066,-3.066182778462518,1.13,139587.72114948079,0.005658842421045168,3.75,0.0
NGC5011C,-2.5961827784625178,0.78,139587.72114948079,0.005719689751665553,3.73,0.0
LV J1313+1003,-4.146182778462518,0.78,139587.72114948079,0.002843667352030177,5.29,0.0
dw1314-28,-4.246182778462518,1.13,139587.72114948079,0.0033143470031631677,4.9,0.0
dw1318-21,-4.446182778462518,1.13,139587.72114948079,0.0033143470031631677,4.9,0.0
dw1318-44,-5.596182778462518,1.13,139587.72114948079,0.006140237002002134,3.6,0.0
dw1321-27,-4.716182778462517,1.13,139587.72114948079,0.0033143470031631677,4.9,0.0
dw1322-27,-4.326182778462518,1.13,139587.72114948079,0.0033143470031631677,4.9,0.0
dw1323-40c,-4.866182778462518,1.13,139587.72114948079,0.006140237002002134,3.6,0.0
dw1323-40b,-4.676182778462517,1.13,139587.72114948079,0.006140237002002134,3.6,0.0
dw1323-40,-4.526182778462518,1.13,139587.72114948079,0.006140237002002134,3.6,0.0
dw1325-33,-4.726182778462518,1.13,139587.72114948079,0.0033143470031631677,4.9,0.0
dw1326-37,-5.056182778462518,1.13,139587.72114948079,0.006140237002002134,3.6,0.0
dw1327+51,-4.5061827784625175,1.13,139587.72114948079,0.0011277986330208004,8.4,0.0
dw1328-29,-4.7561827784625175,1.13,139587.72114948079,0.0033143470031631677,4.9,0.0
dw1329-45,-5.106182778462518,1.13,139587.72114948079,0.006140237002002134,3.6,0.0
dw1330-38,-5.356182778462518,1.13,139587.72114948079,0.006140237002002134,3.6,0.0
dw1331-40,-5.726182778462518,1.13,139587.72114948079,0.006140237002002134,3.6,0.0
dw1331-37,-5.626182778462518,1.13,139587.72114948079,0.006140237002002134,3.6,0.0
UGCA361,-3.3361827784625175,0.78,139587.72114948079,0.0011277986330208004,8.4,0.0
dw1337-44,-4.856182778462518,1.13,139587.72114948079,0.006140237002002134,3.6,0.0
dw1337-41,-5.016182778462518,1.13,139587.72114948079,0.006140237002002134,3.6,0.0
dw1338+50,-4.426182778462517,1.13,139587.72114948079,0.0011277986330208004,8.4,0.0
dw1341-43,-4.626182778462518,1.13,139587.72114948079,0.006140237002002134,3.6,0.0
dw1342-43,-4.706182778462518,1.13,139587.72114948079,0.006140237002002134,3.6,0.0
dw1343-34,-5.206182778462518,1.13,139587.72114948079,0.0033143470031631677,4.9,0.0
dw1355+51,-4.436182778462518,1.13,139587.72114948079,0.0016474814253081655,6.95,0.0
dw1357-28,-5.0061827784625175,1.13,139587.72114948079,0.0033143470031631677,4.9,0.0
UGC08882,-3.3761827784625176,0.78,139587.72114948079,0.0011495913395945195,8.32,0.0
dw1401-32,-4.636182778462518,1.13,139587.72114948079,0.0033143470031631677,4.9,0.0
dw1403-33,-4.7561827784625175,1.13,139587.72114948079,0.0033143470031631677,4.9,0.0
M101dwC,-4.926182778462517,1.13,139587.72114948079,0.0016474814253081655,6.95,0.0
dw1406-29,-4.636182778462518,1.13,139587.72114948079,0.0033143470031631677,4.9,0.0
dw1408+56,-4.126182778462518,1.13,139587.72114948079,0.0016474814253081655,6.95,0.0
dw1409-33,-4.626182778462518,1.13,139587.72114948079,0.0033143470031631677,4.9,0.0
dw1412+56,-4.716182778462517,1.13,139587.72114948079,0.0016474814253081655,6.95,0.0
dw1413-34,-5.2561827784625175,1.13,139587.72114948079,0.0033143470031631677,4.9,0.0
dw1416+57,-4.556182778462518,1.13,139587.72114948079,0.0016474814253081655,6.95,0.0
dw1446+58,-4.306182778462518,1.13,139587.72114948079,0.0016474814253081655,6.95,0.0
KKR25,-4.246182778462518,0.78,139587.72114948079,0.021813401920437396,1.91,0.0
And XXVIII,-6.202538583288169,1.13,26211.472082513625,0.18834904507916608,0.65,0.0
Tucana,-5.7407896418827695,0.78,52509.798747075816,0.09401875182649772,0.92,0.0
NGC0855,-0.2661827784625178,0.34,139587.72114948079,0.0008405517476062068,9.73,0.0
NGC4600,-1.0761827784625178,0.34,139587.72114948079,0.0009220589930947394,9.29,0.0
NGC5195,0.30381722153748225,0.34,139587.72114948079,0.0013562276575944288,7.66,0.0019492140169898478
NGC6684,0.6038172215374823,0.41,139587.72114948079,0.0010513604379171315,8.7,0.0036210556158207704
NGC1291,0.4638172215374823,0.34,139587.72114948079,0.0009652025018187292,9.08,0.0022469420729021236
NGC2787,-1.3661827784625178,0.34,139587.72114948079,0.0014222860166495264,7.48,0.0
NGC3593,0.29381722153748224,0.34,139587.72114948079,0.000682248555778015,10.8,0.0009496227634249168
NGC4460,0.08381722153748228,0.34,139587.72114948079,0.0008652725406521138,9.59,0.0005450031483227834
NGC4594,-0.1561827784625177,0.34,139587.72114948079,0.0008725360768174958,9.55,5.2143040356531504e-05
NGC5102,-1.1461827784625176,0.34,139587.72114948079,0.005940567913788682,3.66,0.0
NGC4736,0.4138172215374823,0.34,139587.72114948079,0.004091786423658233,4.41,0.00814673929340622
NGC4826,0.20381722153748227,0.34,139587.72114948079,0.004091786423658233,4.41,0.004006584365865097
MESSIER031,-0.005383846228916411,0.34,36782.91549756763,0.1342173579793349,0.77,0.054857286112899376
NGC0891,0.7538172215374823,0.34,139587.72114948079,0.0008037925461068931,9.95,0.004080359825103823
NGC2683,0.7438172215374823,0.34,139587.72114948079,0.0008252150889737026,9.82,0.004080954507091855
MESSIER081,0.8438172215374823,0.34,139587.72114948079,0.005812817497877843,3.7,0.03740681224301558
NGC3351,0.6638172215374822,0.34,139587.72114948079,0.0008037925461068931,9.95,0.0032240979646018706
NGC3368,0.4838172215374823,0.34,139587.72114948079,0.0007329168359417669,10.42,0.001809605853431235
NGC2903,1.1238172215374824,0.34,139587.72114948079,0.001011446454371584,8.87,0.012903136092079999
NGC3344,0.7638172215374823,0.34,139587.72114948079,0.0008252150889737026,9.82,0.00429905717512072
NGC3521,1.3438172215374822,0.34,139587.72114948079,0.0006950604554629024,10.7,0.014917041976726188
NGC3627,1.0138172215374823,0.34,139587.72114948079,0.0011495913395945195,8.32,0.011165988084030935
NGC4258,1.2838172215374823,0.34,139587.72114948079,0.0013562276575944288,7.66,0.025347816599582764
NGC5055,1.0538172215374824,0.34,139587.72114948079,0.0009737630142575243,9.04,0.010415257761901013
NGC6744,1.1938172215374823,0.34,139587.72114948079,0.0008798914590535357,9.51,0.013213851518402599
NGC0024,-0.16618277846251772,0.34,139587.72114948079,0.0014892080736795476,7.31,5.6100168917873824e-05
NGC0253,1.1038172215374824,0.34,139587.72114948079,0.005812817497877843,3.7,0.07076560980723391
NGC0628,1.0738172215374824,0.34,139587.72114948079,0.0007663757743785415,10.19,0.008603075459326124
NGC2835,1.0638172215374824,0.34,139587.72114948079,0.00075009399138418,10.3,0.008215232316419907
NGC4136,-0.17618277846251773,0.34,139587.72114948079,0.0012750756536764568,7.9,1.9736994367256675e-05
NGC5194,1.3038172215374824,0.34,139587.72114948079,0.0011277986330208004,8.4,0.022072333020955563
NGC5236,1.2838172215374823,0.34,139587.72114948079,0.0033143470031631677,4.9,0.06194495408873296
NGC7640,0.3938172215374823,0.34,139587.72114948079,0.001119785879470001,8.43,0.0021086876217053527
MESSIER033,0.07860060053399032,0.34,53657.52000986044,0.09200771366163447,0.93,0.056737945555476184
NGC0672,0.14381722153748233,0.34,139587.72114948079,0.00154362302329179,7.18,0.0012279552077199836
IC0342,0.5838172215374823,0.34,139587.72114948079,0.007396775686528451,3.28,0.024046985473636012
NGC1637,0.3638172215374823,0.34,139587.72114948079,0.0009220589930947394,9.29,0.0015947236947925637
NGC2283,0.7238172215374823,0.34,139587.72114948079,0.0007957747154594767,10.0,0.003744420918839456
NGC2403,0.6938172215374823,0.34,139587.72114948079,0.0078200363150861,3.19,0.03406932245397732
NGC3556,0.8038172215374823,0.34,139587.72114948079,0.0008119321655540013,9.9,0.004734557565467227
NGC4244,-0.056182778462517735,0.34,139587.72114948079,0.0042838632191874336,4.31,0.0012308569215919813
NGC4559,0.9838172215374823,0.34,139587.72114948079,0.0010023853895728412,8.91,0.00904859419693024
NGC4618,0.29381722153748224,0.34,139587.72114948079,0.0012750756536764568,7.9,0.0017747796687370982
NGC4688,-0.4161827784625177,0.34,139587.72114948079,0.0017727215759845768,6.7,0.0
NGC4945,0.8138172215374823,0.34,139587.72114948079,0.006608930523959809,3.47,0.03944647936915092
NGC5068,0.5638172215374823,0.34,139587.72114948079,0.002679150628598524,5.45,0.008217233136044192
MESSIER101,1.3038172215374824,0.34,139587.72114948079,0.0016474814253081655,6.95,0.03224313064455513
ESO137-018,-0.46618277846251777,0.34,139587.72114948079,0.002317367457569327,5.86,0.0
NGC6503,0.4738172215374823,0.34,139587.72114948079,0.0020371832715762603,6.25,0.004892442570396374
NGC6946,1.2338172215374823,0.34,139587.72114948079,0.0022938211162180345,5.89,0.03784783147921496
NGC7090,0.5338172215374823,0.34,139587.72114948079,0.0008798914590535357,9.51,0.00249251135900308
IC5201,0.16381722153748224,0.34,139587.72114948079,0.0010276016470292827,8.8,0.0008817303772297655
NGC7462,0.4038172215374823,0.34,139587.72114948079,0.0007800948097828416,10.1,0.0015086468586342583
NGC7713,0.20381722153748227,0.34,139587.72114948079,0.0013079794797164312,7.8,0.001280743810088445
NGC7793,0.3938172215374823,0.34,139587.72114948079,0.006039164867757036,3.63,0.01137245292654029
NGC0247,0.29381722153748224,0.34,139587.72114948079,0.005750482103852155,3.72,0.008004104457587747
NGC0300,0.06381722153748226,0.34,139587.72114948079,0.018217868534591168,2.09,0.01056011968104662
UGC01281,-1.0961827784625178,0.34,139587.72114948079,0.0028652921209505557,5.27,0.0
NGC0925,0.8338172215374823,0.34,139587.72114948079,0.0008725360768174958,9.55,0.005477672266942291
ESO115-021,-0.7861827784625176,0.34,139587.72114948079,0.0030836331896718513,5.08,0.0
NGC1313,0.5738172215374823,0.34,139587.72114948079,0.0042838632191874336,4.31,0.013546243577686247
NGC1560,-0.5861827784625177,0.34,139587.72114948079,0.008901183604875523,2.99,0.0
NGC1744,0.2538172215374823,0.34,139587.72114948079,0.0007957747154594767,10.0,0.0009602605240846815
NGC2976,-0.21618277846251777,0.34,139587.72114948079,0.005940567913788682,3.66,0.0
UGCA193,-1.026182778462518,0.34,139587.72114948079,0.0008457590769045348,9.7,0.0
NGC3274,-0.21618277846251777,0.34,139587.72114948079,0.001249638374538283,7.98,0.0
NGC3621,1.0938172215374822,0.34,139587.72114948079,0.0018049034590004827,6.64,0.02146341198274704
PGC4310323,-2.2261827784625177,0.34,139587.72114948079,0.0014492847420680675,7.41,0.0
NGC4144,-0.07618277846251775,0.34,139587.72114948079,0.0016762997960053942,6.89,0.00040709636485660507
NGC4204,-0.20618277846251776,0.34,139587.72114948079,0.0012433979929054324,8.0,0.0
NGC4242,-0.20618277846251776,0.34,139587.72114948079,0.0012750756536764568,7.9,0.0
NGC4288,-0.4061827784625177,0.34,139587.72114948079,0.0012280000238562966,8.05,0.0
NGC4455,-0.35618277846251767,0.34,139587.72114948079,0.0011277986330208004,8.4,0.0
NGC4490,1.1238172215374824,0.34,139587.72114948079,0.0010023853895728412,8.91,0.012787543070094495
NGC4517,0.17381722153748225,0.34,139587.72114948079,0.001138616783411948,8.36,0.001010570310640642
NGC4631,0.7438172215374823,0.34,139587.72114948079,0.001473043112516964,7.35,0.007284672819837746
NGC4700,-0.8961827784625177,0.34,139587.72114948079,0.0014932908903349162,7.3,0.0
NGC5023,-0.46618277846251777,0.34,139587.72114948079,0.0021740993523925323,6.05,0.0
PGC725719,-2.156182778462518,0.34,139587.72114948079,0.0023252968528292115,5.85,0.0
NGC5229,-0.6961827784625177,0.34,139587.72114948079,0.0011277986330208004,8.4,0.0
NGC5585,-0.23618277846251778,0.34,139587.72114948079,0.0024492912140950344,5.7,0.0
ESO273-014,-0.056182778462517735,0.41,139587.72114948079,0.0008119321655540013,9.9,0.00024298772303098525
ESO274-001,-0.5061827784625178,0.34,139587.72114948079,0.010223079295737165,2.79,0.0
IC5052,-0.2761827784625178,0.34,139587.72114948079,0.0026306602163949644,5.5,0.0
ESO347-017,-0.9261827784625177,0.34,139587.72114948079,0.001377726307928457,7.6,0.0
IC5332,0.32381722153748227,0.34,139587.72114948079,0.0013079794797164312,7.8,0.002007560640535056
NGC0045,0.30381722153748225,0.47,139587.72114948079,0.0018049034590004827,6.64,0.0026286050647764034
NGC0055,0.4838172215374823,0.47,139587.72114948079,0.01787414288671586,2.11,0.044389185236843404
NGC0625,-0.35618277846251767,0.47,139587.72114948079,0.004924226599957161,4.02,0.0
IC1727,-0.2561827784625178,0.47,139587.72114948079,0.0014337637321913007,7.45,0.0
NGC0784,-0.6161827784625177,0.47,139587.72114948079,0.002759570950620479,5.37,0.0
UGC01807,-0.9561827784625178,0.47,139587.72114948079,0.0008037925461068931,9.95,0.0
DDO025,-0.6061827784625177,0.47,139587.72114948079,0.0008725360768174958,9.55,0.0
DDO024,-0.44618277846251775,0.64,139587.72114948079,0.0008037925461068931,9.95,0.0
ESO154-023,-0.4761827784625178,0.47,139587.72114948079,0.002317367457569327,5.86,0.0
NGC1156,0.3638172215374823,0.47,139587.72114948079,0.0013079794797164312,7.8,0.002283689587854951
ESO300-014,-0.5761827784625176,0.47,139587.72114948079,0.0008285867507907919,9.8,0.0
NGC1311,-0.7061827784625178,0.47,139587.72114948079,0.002583474443501264,5.55,0.0
UGC02716,-1.4061827784625178,0.47,139587.72114948079,0.0018834904507916608,6.5,0.0
IC1959,-0.5361827784625176,0.47,139587.72114948079,0.0020768677278206198,6.19,0.0
NGC1569,0.7638172215374823,0.47,139587.72114948079,0.0078200363150861,3.19,0.04070042710933949
UGCA105,-0.3861827784625177,0.47,139587.72114948079,0.006924536990275726,3.39,0.0
UGC03303,-0.2661827784625178,0.47,139587.72114948079,0.001560966966118755,7.14,0.0
NGC2188,0.013817221537482327,0.47,139587.72114948079,0.0011304886705460935,8.39,0.0005418035197088945
WHI B0619-07,-0.6061827784625177,0.47,139587.72114948079,0.0011277986330208004,8.4,0.0
CGMW1-260,-0.3961827784625177,0.47,139587.72114948079,0.000682248555778015,10.8,0.0
IC2171,-0.2961827784625176,0.47,139587.72114948079,0.0008119321655540013,9.9,0.0
UGC03600,-1.5961827784625178,0.47,139587.72114948079,0.0007663757743785415,10.19,0.0
ESO558-011,-0.7661827784625178,0.47,139587.72114948079,0.0011277986330208004,8.4,0.0
DDO047,-0.8961827784625177,0.47,139587.72114948079,0.0011921915049678373,8.17,0.0
DDO062,-0.7661827784625178,0.47,139587.72114948079,0.0006747307227254263,10.86,0.0
MCG +09-16-010,-1.856182778462518,0.47,139587.72114948079,0.001473043112516964,7.35,0.0
LV J0926+3343,-1.896182778462518,0.47,139587.72114948079,0.00075009399138418,10.3,0.0
NGC3037,-0.42618277846251773,0.47,139587.72114948079,0.0012128863213831378,8.1,0.0
MESSIER082,1.0538172215374824,0.47,139587.72114948079,0.006106266184724463,3.61,0.06506792784452924
PGC28789,-1.9561827784625176,0.47,139587.72114948079,0.0015875361395581505,7.08,0.0
NGC3109,-1.0141556998442645,0.47,111397.20537600352,0.04431803939961443,1.34,0.0
UGC05427,-1.4161827784625176,0.47,139587.72114948079,0.0013456665479452934,7.69,0.0
PGC30114,-1.2861827784625177,0.47,139587.72114948079,0.0012280000238562966,8.05,0.0
NGC3239,0.3938172215374823,0.47,139587.72114948079,0.0012750756536764568,7.9,0.0024172452104782526
IC2574,-0.1561827784625177,0.47,139587.72114948079,0.005152346181972539,3.93,0.0004214381085332574
ESO501-023,-0.4861827784625178,0.47,139587.72114948079,0.0016240300315499526,7.0,0.0
LeG03,-2.0961827784625178,0.64,139587.72114948079,0.0007357384573404925,10.4,0.0
NGC3299,-0.5761827784625176,0.47,139587.72114948079,0.0007357384573404925,10.4,0.0
UGC05812,-1.7261827784625177,0.47,139587.72114948079,0.0007357384573404925,10.4,0.0
FS04,-2.086182778462518,0.47,139587.72114948079,0.0007357384573404925,10.4,0.0
DDO084,-0.4061827784625177,0.47,139587.72114948079,0.0012098970771185302,8.11,0.0
ESO318-013,-1.486182778462518,0.47,139587.72114948079,0.001661796909893992,6.92,0.0
NGC3432,0.5938172215374823,0.47,139587.72114948079,0.0009401875182649774,9.2,0.0031502481861688577
LV J1203+3257,-3.526182778462518,0.47,139587.72114948079,0.0013960347624393259,7.55,0.0
KUG 1202+286,-1.8261827784625178,0.47,139587.72114948079,0.00154362302329179,7.18,0.0
MAPS1206+31,-2.566182778462518,0.47,139587.72114948079,0.001441492902730513,7.43,0.0
LV J1207+3133,-3.196182778462518,0.47,139587.72114948079,0.0014892080736795476,7.31,0.0
UGC7257,-0.4761827784625178,0.47,139587.72114948079,0.0010276016470292827,8.8,0.0
NGC4214,-0.006182778462517691,0.47,139587.72114948079,0.009594120315628335,2.88,0.004151816073045794
NGC4236,0.2338172215374823,0.47,139587.72114948079,0.004091786423658233,4.41,0.004637817966739126
NGC4248,-1.0761827784625178,0.47,139587.72114948079,0.0014532043744694607,7.4,0.0
LV J1218+4655,-3.0161827784625177,0.47,139587.72114948079,0.0013562276575944288,7.66,0.0
NGC4395,0.09381722153748229,0.47,139587.72114948079,0.003512175673767199,4.76,0.0024009769712330653
DDO123,-0.8461827784625177,0.64,139587.72114948079,0.0007217911251333121,10.5,0.0
NGC4449,0.6438172215374822,0.47,139587.72114948079,0.004364498875436584,4.27,0.016664744612433075
DDO129,-0.6261827784625177,0.47,139587.72114948079,0.001004639206488419,8.9,0.0
NGC4485,0.14381722153748233,0.47,139587.72114948079,0.0010023853895728412,8.91,0.0008222194566866558
UGC07690,-0.5561827784625176,0.47,139587.72114948079,0.0010023853895728412,8.91,0.0
UGC7719,-0.9261827784625177,0.47,139587.72114948079,0.0009401875182649774,9.2,0.0
NGC4534,-0.11618277846251768,0.47,139587.72114948079,0.0008285867507907919,9.8,0.00014439275342722384
NGC4605,0.18381722153748226,0.47,139587.72114948079,0.002583474443501264,5.55,0.0024140766492369006
NGC4597,0.09381722153748229,0.47,139587.72114948079,0.0007800948097828416,10.1,0.0005332847350594088
NGC4656,0.32381722153748227,0.47,139587.72114948079,0.00272899422311206,5.4,0.004240141217348549
IC3718,-2.376182778462518,0.47,139587.72114948079,0.0017209660801459272,6.8,0.0
KK164,-1.9261827784625178,0.47,139587.72114948079,0.0017674416933586162,6.71,0.0
DDO148,-1.6161827784625178,0.47,139587.72114948079,0.0009824379203203417,9.0,0.0
MCG-02-33-075,-0.9961827784625178,0.64,139587.72114948079,0.0010513604379171315,8.7,0.0
DDO161,-0.2661827784625178,0.47,139587.72114948079,0.0014932908903349162,7.3,0.0
IC4182,-0.7561827784625178,0.47,139587.72114948079,0.004205441751668526,4.35,0.0
UGC08313,-0.6661827784625177,0.47,139587.72114948079,0.0009737630142575243,9.04,0.0
ESO324-024,-0.9761827784625178,0.47,139587.72114948079,0.005569375965534817,3.78,0.0
NGC5204,-0.2761827784625178,0.47,139587.72114948079,0.003777154634065135,4.59,0.0
ESO270-017,0.033817221537482234,0.47,139587.72114948079,0.0016474814253081655,6.95,0.0008731029749240095
UGC08647,-1.9261827784625178,0.47,139587.72114948079,0.0010759528332334731,8.6,0.0
NGC5253,0.20381722153748227,0.47,139587.72114948079,0.0067247052077092076,3.44,0.006694198554090793
NGC5264,-1.0761827784625178,0.47,139587.72114948079,0.003468319591788201,4.79,0.0
ESO383-087,-0.6461827784625177,0.47,139587.72114948079,0.0078200363150861,3.19,0.0
HolmIV,-0.8361827784625177,0.47,139587.72114948079,0.001518144126132209,7.24,0.0
NGC5474,-0.046182778462517726,0.47,139587.72114948079,0.0016333501273788323,6.98,0.0005519230633004399
DDO194,-2.506182778462518,0.47,139587.72114948079,0.002357424926041447,5.81,0.0
IC4710,-0.02618277846251771,0.47,139587.72114948079,0.0014610914936352493,7.38,0.000559992524885189
IC4951,-0.5561827784625176,0.47,139587.72114948079,0.0008285867507907919,9.8,0.0
UGC12588,-0.43618277846251774,0.47,139587.72114948079,0.001119785879470001,8.43,0.0
DDO217,-0.33618277846251765,0.47,139587.72114948079,0.0010885738729311263,8.55,0.0
UGCA442,-1.336182778462518,0.47,139587.72114948079,0.00416703609203314,4.37,0.0
WLM,-2.2059131451888905,0.47,59582.24328531617,0.08285867507907922,0.98,0.0
ESO409-015,-0.6261827784625177,0.47,139587.72114948079,0.0010489476780973829,8.71,0.0
SMC,-3.292062795806593,0.47,223.3403538391692,22.104853207207686,0.06,0.0
UGC00685,-1.4061827784625178,0.47,139587.72114948079,0.0034395369809928074,4.81,0.0
UGC01056,-0.8161827784625176,0.47,139587.72114948079,0.0007648738133981901,10.2,0.0
UGC01104,-1.1661827784625176,0.47,139587.72114948079,0.0013960347624393259,7.55,0.0
AGC112454,-2.276182778462518,0.64,139587.72114948079,0.0007648738133981901,10.2,0.0
AGC112503,-2.4961827784625177,0.64,139587.72114948079,0.0007648738133981901,10.2,0.0
ESO245-005,-0.7461827784625178,0.47,139587.72114948079,0.00381028741080626,4.57,0.0
UGC01561,-1.0461827784625175,0.47,139587.72114948079,0.0009401875182649774,9.2,0.0
AGC122226,-1.3661827784625178,0.47,139587.72114948079,0.0010860319616607845,8.56,0.0
[KK2000] 08,-2.656182778462518,0.47,139587.72114948079,0.0008285867507907919,9.8,0.0
UGC02773,-0.0161827784625177,0.47,139587.72114948079,0.00272899422311206,5.4,0.0011081679883528665
ESO483-013,-0.9761827784625178,0.47,139587.72114948079,0.0014532043744694607,7.4,0.0
NGC1705,-0.1361827784625177,0.47,139587.72114948079,0.002423711324493044,5.73,0.0003155453982579784
ESO486-021,-0.6361827784625177,0.47,139587.72114948079,0.0007957747154594767,10.0,0.0
NGC1800,-0.4061827784625177,0.47,139587.72114948079,0.0012433979929054324,8.0,0.0
HIPASS J0517-32,-1.7461827784625177,0.47,139587.72114948079,0.0012433979929054324,8.0,0.0
LMC,-2.6304252879018426,0.47,155.09746794386754,31.830988618379067,0.05,0.0
ESO553-046,-0.4061827784625177,0.47,139587.72114948079,0.0017727215759845768,6.7,0.0
KK49,-0.34618277846251766,0.47,139587.72114948079,0.00300037596553672,5.15,0.0
ESO364-029,-0.5261827784625178,0.47,139587.72114948079,0.0009737630142575243,9.04,0.0
HIPASS J0607-34,-0.8161827784625176,0.47,139587.72114948079,0.000856319962056736,9.64,0.0
KKSG9,-1.026182778462518,0.47,139587.72114948079,0.0007957747154594767,10.0,0.0
ESO059-001,-1.3061827784625177,0.47,139587.72114948079,0.003712172541083257,4.63,0.0
CGCG 262-028,-0.5461827784625176,0.47,139587.72114948079,0.0008285867507907919,9.8,0.0
HolmII,-0.3061827784625176,0.47,139587.72114948079,0.006608930523959809,3.47,0.0
ESO006-001,-1.756182778462518,0.64,139587.72114948079,0.0017727215759845768,6.7,0.0
KUG 0821+321,-2.2061827784625176,0.64,139587.72114948079,0.0011635341028958808,8.27,0.0
CGMW2-3473,-1.1961827784625179,0.64,139587.72114948079,0.0014532043744694607,7.4,0.0
LV J0831+4104,-2.906182778462518,0.47,139587.72114948079,0.0012750756536764568,7.9,0.0
ESO495-021,0.6438172215374822,0.47,139587.72114948079,0.0011720218615377815,8.24,0.004475071608481463
LV J0843+4025,-2.586182778462518,0.47,139587.72114948079,0.0013079794797164312,7.8,0.0
ESO496-010,-1.566182778462518,0.47,139587.72114948079,0.0010784594202310086,8.59,0.0
AGC182595,-2.066182778462518,0.47,139587.72114948079,0.0011092343634655777,8.47,0.0
LV J0859+3923,-2.4561827784625176,0.47,139587.72114948079,0.0009006051555675381,9.4,0.0
KSP-DW11,-2.486182778462518,0.64,139587.72114948079,0.0008252150889737026,9.82,0.0
KSP-DW16,-3.046182778462518,0.64,139587.72114948079,0.0008252150889737026,9.82,0.0
KSP-DW18,-3.4261827784625174,0.47,139587.72114948079,0.0008252150889737026,9.82,0.0
AGC198507,-2.836182778462518,0.47,139587.72114948079,0.001004639206488419,8.9,0.0
UGC04879,-3.5649241622610663,0.47,116440.97503353805,0.04239835449195357,1.37,0.0
UGC04998,-1.896182778462518,0.47,139587.72114948079,0.0011720218615377815,8.24,0.0
NGC2915,-0.46618277846251777,0.47,139587.72114948079,0.004323899106500599,4.29,0.0
LV J0935-1348,-2.106182778462518,0.47,139587.72114948079,0.0009694685850273094,9.06,0.0
KUG 0937+480,-2.196182778462518,0.47,139587.72114948079,0.0012815563327119302,7.88,0.0
LV J0944-2254,-2.4161827784625176,0.64,139587.72114948079,0.0021740993523925323,6.05,0.0
IC0559,-1.276182778462518,0.47,139587.72114948079,0.0009006051555675381,9.4,0.0
LV J0956-0929,-1.9661827784625179,0.47,139587.72114948079,0.0009044497836656004,9.38,0.0
PGC154449,-1.896182778462518,0.47,139587.72114948079,0.0008457590769045348,9.7,0.0
[CKT2009]d0958+66,-3.4261827784625174,0.47,139587.72114948079,0.005453350480109349,3.82,0.0
LV J1000+5022,-2.046182778462518,0.47,139587.72114948079,0.0012527761972193038,7.97,0.0
NGC3077,-0.21618277846251777,0.47,139587.72114948079,0.005368694319173395,3.85,0.0
UGC05456,-0.4161827784625177,0.47,139587.72114948079,0.0007190492809816146,10.52,0.0
AGC208477,-2.9361827784625176,0.47,139587.72114948079,0.001661796909893992,6.92,0.0
UGC05497,-2.856182778462518,0.47,139587.72114948079,0.005719689751665553,3.73,0.0
LV J1017+2922,-2.5561827784625177,0.64,139587.72114948079,0.0029316673437670675,5.21,0.0
UGC05571,-1.7061827784625176,0.47,139587.72114948079,0.0011720218615377815,8.24,0.0
AGC749315,-3.066182778462518,0.47,139587.72114948079,0.0006576650540987411,11.0,0.0
DDO082,-1.7161827784625179,0.47,139587.72114948079,0.005152346181972539,3.93,0.0
AGC205156,-2.926182778462518,0.47,139587.72114948079,0.0007315121082608677,10.43,0.0
PGC2277751,-2.776182778462518,0.47,139587.72114948079,0.0015139590306006692,7.25,0.0
KUG 1033+366B,-1.9361827784625176,0.47,139587.72114948079,0.0012128863213831378,8.1,0.0
AGC205165,-2.156182778462518,0.47,139587.72114948079,0.0007357384573404925,10.4,0.0
AGC200499,-1.1361827784625178,0.47,139587.72114948079,0.0007357384573404925,10.4,0.0
UGC05797,-1.296182778462518,0.47,139587.72114948079,0.0007329168359417669,10.42,0.0
DDO088,-1.376182778462518,0.47,139587.72114948079,0.0013317758894705975,7.73,0.0
MRK1265,-1.9261827784625178,0.47,139587.72114948079,0.0014851419784471704,7.32,0.0
UGC06014,-1.376182778462518,0.47,139587.72114948079,0.0007357384573404925,10.4,0.0
MRK0036,-0.5261827784625178,0.47,139587.72114948079,0.0012372042391830223,8.02,0.0
DDO092,-0.9161827784625177,0.47,139587.72114948079,0.0008119321655540013,9.9,0.0
AGC740666,-2.376182778462518,0.64,139587.72114948079,0.001314712953686991,7.78,0.0
AGC215354,-3.126182778462518,0.47,139587.72114948079,0.0007329168359417669,10.42,0.0
PGC034671,-2.376182778462518,0.47,139587.72114948079,0.0008119321655540013,9.9,0.0
IC2787,-1.486182778462518,0.64,139587.72114948079,0.00075009399138418,10.3,0.0
IC2791,-2.736182778462518,0.47,139587.72114948079,0.00075009399138418,10.3,0.0
NGC3738,-0.5261827784625178,0.47,139587.72114948079,0.0028329466552491165,5.3,0.0
NGC3741,-1.546182778462518,0.47,139587.72114948079,0.007675000149101853,3.22,0.0
LV J1149+1715,-4.016182778462518,0.47,139587.72114948079,0.001574167473674638,7.11,0.0
PGC3401153,-2.6661827784625176,0.47,139587.72114948079,0.0013113397338997805,7.79,0.0
ESO572-034,-0.6861827784625177,0.64,139587.72114948079,0.0007190492809816146,10.52,0.0
NGC4068,-0.9761827784625178,0.47,139587.72114948079,0.004129154142306634,4.39,0.0
MCG +06-27-017,-2.866182778462518,0.47,139587.72114948079,0.003383036307618139,4.85,0.0
NGC4163,-2.116182778462518,0.47,139587.72114948079,0.008901183604875523,2.99,0.0
NGC4190,-1.5761827784625178,0.47,139587.72114948079,0.009936129998619996,2.83,0.0
IC3077,-2.026182778462518,0.47,139587.72114948079,0.0009609645157100311,9.1,0.0
LV J1217+3231,-3.4161827784625176,0.47,139587.72114948079,0.00226298017471819,5.93,0.0
IC3104,-1.4961827784625177,0.47,139587.72114948079,0.014287825256023354,2.36,0.0
PGC039646,-2.376182778462518,0.47,139587.72114948079,0.00300037596553672,5.15,0.0
VCC0429,-2.7461827784625177,0.47,139587.72114948079,0.0015786048709769429,7.1,0.0
KUG 1218+387,-1.8661827784625178,0.47,139587.72114948079,0.0012341247027561292,8.03,0.0
DDO120,-3.2961827784625175,0.47,139587.72114948079,0.0015015070557969233,7.28,0.0
KKSG27,-2.316182778462518,0.47,139587.72114948079,0.0018049034590004827,6.64,0.0
UGC07485,-2.026182778462518,0.47,139587.72114948079,0.0012622609042939753,7.94,0.0
VCC0841,-2.4961827784625177,0.47,139587.72114948079,0.0012750756536764568,7.9,0.0
SBS 1224+533,-2.1861827784625176,0.47,139587.72114948079,0.0027802418218516095,5.35,0.0
DDO125,-1.9961827784625177,0.47,139587.72114948079,0.011681782643523682,2.61,0.0
UGC07584,-1.6161827784625178,0.47,139587.72114948079,0.0009401875182649774,9.2,0.0
UGC07639,-2.0961827784625178,0.47,139587.72114948079,0.001560966966118755,7.14,0.0
UGC07642,-1.3461827784625178,0.47,139587.72114948079,0.0007957747154594767,10.0,0.0
KK151,-2.126182778462518,0.47,139587.72114948079,0.0018491939216321127,6.56,0.0
CGCG 014-054,-1.796182778462518,0.47,139587.72114948079,0.0008634708284065503,9.6,0.0
UGC07678,-0.8461827784625177,0.47,139587.72114948079,0.0009652025018187292,9.08,0.0
AGC229089,-2.2061827784625176,0.47,139587.72114948079,0.0017569524483075194,6.73,0.0
NGC4509,-0.3661827784625177,0.47,139587.72114948079,0.0007800948097828416,10.1,0.0
PGC041749,-1.5561827784625177,0.47,139587.72114948079,0.0011720218615377815,8.24,0.0
UGC7751,-1.9261827784625178,0.47,139587.72114948079,0.0012750756536764568,7.9,0.0
VCC1675,-2.026182778462518,0.47,139587.72114948079,0.001414710605261292,7.5,0.0
IC3583,-0.7861827784625176,0.47,139587.72114948079,0.0008798914590535357,9.51,0.0
IC3591,-0.34618277846251766,0.47,139587.72114948079,0.0008285867507907919,9.8,0.0
AGC220847,-1.9461827784625179,0.47,139587.72114948079,0.0009442886585162838,9.18,0.0
VCC1713,-2.126182778462518,0.47,139587.72114948079,0.0015350592505005336,7.2,0.0
VCC1725,-1.026182778462518,0.47,139587.72114948079,0.0011014182912933933,8.5,0.0
AGC224291,-2.406182778462518,0.47,139587.72114948079,0.00116072533119133,8.28,0.0
UGCA294,-0.9261827784625177,0.47,139587.72114948079,0.0008119321655540013,9.9,0.0
VCC2033,-1.5561827784625177,0.47,139587.72114948079,0.0008285867507907919,9.8,0.0
UGCA298,-1.6961827784625179,0.47,139587.72114948079,0.0006576650540987411,11.0,0.0
UGC07950,-1.0661827784625175,0.47,139587.72114948079,0.001004639206488419,8.9,0.0
MAPS1249+44,-2.506182778462518,0.47,139587.72114948079,0.0012946667981106128,7.84,0.0
NGC4765,-0.3861827784625177,0.47,139587.72114948079,0.0008457590769045348,9.7,0.0
PGC3272767,-3.9261827784625174,0.47,139587.72114948079,0.0017209660801459272,6.8,0.0
DDO153,-0.7161827784625178,0.47,139587.72114948079,0.0012433979929054324,8.0,0.0
NGC4861,0.5938172215374823,0.47,139587.72114948079,0.0008037925461068931,9.95,0.002693235084743639
UGC08105,-0.6661827784625177,0.47,139587.72114948079,0.0007973686554016245,9.99,0.0
DDO165,-1.736182778462518,0.47,139587.72114948079,0.0034111111773786023,4.83,0.0
MCG -03-34-002,-1.2661827784625177,0.47,139587.72114948079,0.0012750756536764568,7.9,0.0
UGC08245,-2.176182778462518,0.47,139587.72114948079,0.0035719563140058385,4.72,0.0
ESO269-058,-2.656182778462518,0.47,139587.72114948079,0.005658842421045168,3.75,0.0
CGCG 217-018,-1.1561827784625178,0.47,139587.72114948079,0.0009737630142575243,9.04,0.0
CGCG 189-050,-1.546182778462518,0.47,139587.72114948079,0.0031327739806133346,5.04,0.0
PGC2229803,-2.466182778462518,0.47,139587.72114948079,0.001518144126132209,7.24,0.0
PGC170257,-2.026182778462518,0.47,139587.72114948079,0.0033143470031631677,4.9,0.0
dw1329-32,-3.646182778462518,0.47,139587.72114948079,0.0033143470031631677,4.9,0.0
AGC238890,-2.3261827784625178,0.64,139587.72114948079,0.0017209660801459272,6.8,0.0
NGC5237,-1.4161827784625176,0.47,139587.72114948079,0.007176317898614622,3.33,0.0
LV J1342+4840,-1.9961827784625177,0.64,139587.72114948079,0.0011277986330208004,8.4,0.0
dw1343+58,-2.086182778462518,0.47,139587.72114948079,0.0016474814253081655,6.95,0.0
ESO384-016,-3.0161827784625177,0.47,139587.72114948079,0.003947275635832544,4.49,0.0
NGC5408,0.013817221537482327,0.47,139587.72114948079,0.002811686342711136,5.32,0.0013475425242983092
NGC5477,-0.7761827784625178,0.47,139587.72114948079,0.0017413927984390354,6.76,0.0
DDO190,-1.7861827784625177,0.47,139587.72114948079,0.009936129998619996,2.83,0.0
MRK0475,-0.6561827784625177,0.47,139587.72114948079,0.0009401875182649774,9.2,0.0
UGC09660,-0.7161827784625178,0.47,139587.72114948079,0.0006873304641480534,10.76,0.0
IC4662,-0.2761827784625178,0.47,139587.72114948079,0.012237981014371041,2.55,0.0
UGC11411,-0.8761827784625177,0.47,139587.72114948079,0.0018379697052398737,6.58,0.0
NGC6789,-1.7661827784625177,0.47,139587.72114948079,0.006314419483907771,3.55,0.0
IC4870,-0.4761827784625178,0.47,139587.72114948079,0.0010988312850430705,8.51,0.0
LV J1952+1428,-2.0961827784625178,0.47,139587.72114948079,0.0011304886705460935,8.39,0.0
IC5152,-1.3861827784625178,0.47,139587.72114948079,0.020714668769769806,1.96,0.0
UGC12894,-1.4461827784625179,0.47,139587.72114948079,0.0011092343634655777,8.47,0.0
AGC748778,-3.7961827784625175,0.47,139587.72114948079,0.0020568819477142417,6.22,0.0
UGC00064,-0.6661827784625177,0.47,139587.72114948079,0.0008634708284065503,9.6,0.0
ESO349-031,-3.186182778462518,0.47,139587.72114948079,0.007722893949587803,3.21,0.0
PiscesA,-3.196182778462518,0.64,139587.72114948079,0.002492833316499261,5.65,0.0
ESO410-005,-3.726182778462518,0.47,139587.72114948079,0.021363653130539794,1.93,0.0
LV J0015-3825,-2.626182778462518,0.47,139587.72114948079,0.0012098970771185302,8.11,0.0
JKB129,-2.236182778462518,0.47,139587.72114948079,0.001414710605261292,7.5,0.0
ESO294-010,-3.436182778462518,0.47,139587.72114948079,0.019310701920926907,2.03,0.0
UGC00288,-1.7661827784625177,0.47,139587.72114948079,0.0017108872375097323,6.82,0.0
ESO473-024,-1.256182778462518,0.47,139587.72114948079,0.0008119321655540013,9.9,0.0
ScuSR,-3.3861827784625183,0.64,139587.72114948079,0.0049735919716217296,4.0,0.0
KK7,-2.2261827784625177,0.47,139587.72114948079,0.0006747307227254263,10.86,0.0
And IV,-2.276182778462518,0.47,139587.72114948079,0.00154362302329179,7.18,0.0
DDO226,-2.0561827784625177,0.47,139587.72114948079,0.003287455860679311,4.92,0.0
KDG002,-3.566182778462518,0.47,139587.72114948079,0.0062789950405526184,3.56,0.0
DDO006,-3.2961827784625175,0.47,139587.72114948079,0.0067247052077092076,3.44,0.0
ESO540-032,-4.136182778462518,0.47,139587.72114948079,0.006039164867757036,3.63,0.0
LV J0055-2310,-3.446182778462518,0.47,139587.72114948079,0.005100302614705827,3.95,0.0
LGS 3,-5.942538583288169,0.47,26211.472082513625,0.18834904507916608,0.65,0.0
IC1613,-2.0967381120122974,0.47,35833.718993751165,0.1377726307928457,0.76,0.0
KKH5,-1.9561827784625176,0.47,139587.72114948079,0.004364498875436584,4.27,0.0
AM0106-382,-1.486182778462518,0.47,139587.72114948079,0.0011834841098445521,8.2,0.0
PiscesB,-2.366182778462518,0.47,139587.72114948079,0.0010023853895728412,8.91,0.0
AGC114027,-2.886182778462518,0.64,139587.72114948079,0.0008119321655540013,9.9,0.0
KKH6,-2.5761827784625178,0.47,139587.72114948079,0.007006971228587702,3.37,0.0
UGC01171,-2.7461827784625177,0.47,139587.72114948079,0.0007648738133981901,10.2,0.0
DDO013,-0.7261827784625178,0.47,139587.72114948079,0.0009737630142575243,9.04,0.0
AGC112521,-3.356182778462518,0.47,139587.72114948079,0.0021526973561382143,6.08,0.0
KK13,-2.0761827784625178,0.47,139587.72114948079,0.001297975849280409,7.83,0.0
KDG010,-1.7861827784625177,0.47,139587.72114948079,0.0012848152159043748,7.87,0.0
KK14,-2.656182778462518,0.47,139587.72114948079,0.001601075832120068,7.05,0.0
JKB142,-1.2661827784625177,0.47,139587.72114948079,0.0007217911251333121,10.5,0.0
KK15,-2.7461827784625177,0.47,139587.72114948079,0.0010586488766756953,8.67,0.0
N672dwB,-4.146182778462518,0.64,139587.72114948079,0.0015350592505005336,7.2,0.0
N672dwA,-4.3361827784625175,0.47,139587.72114948079,0.0015350592505005336,7.2,0.0
Phoenix,-5.341459943601505,0.47,12010.747917573104,0.41104065881171314,0.44,0.0
KK16,-2.586182778462518,0.47,139587.72114948079,0.002519518228807502,5.62,0.0
KK17,-2.6861827784625176,0.47,139587.72114948079,0.0031704045619717724,5.01,0.0
[TT2009] 25,-3.946182778462518,0.47,139587.72114948079,0.0008037925461068931,9.95,0.0
[TT2009] 30,-4.066182778462518,0.47,139587.72114948079,0.0008285867507907919,9.8,0.0
KKH11,-1.0961827784625178,0.47,139587.72114948079,0.001518144126132209,7.24,0.0
DDO019,-0.9761827784625178,0.47,139587.72114948079,0.0008725360768174958,9.55,0.0
d0226+3325,-3.736182778462518,0.47,139587.72114948079,0.0008725360768174958,9.55,0.0
Halogas,-1.9461827784625179,0.47,139587.72114948079,0.0008725360768174958,9.55,0.0
DDO022,-1.4761827784625177,0.47,139587.72114948079,0.0008037925461068931,9.95,0.0
UGC02172,-0.09618277846251766,0.47,139587.72114948079,0.0009200771366163447,9.3,0.00020084579091713995
AGC123352,-2.926182778462518,0.47,139587.72114948079,0.0011635341028958808,8.27,0.0
AGC124056,-3.0961827784625178,0.64,139587.72114948079,0.0014650591537062622,7.37,0.0
ESO199-007,-2.256182778462518,0.47,139587.72114948079,0.0021885451555365147,6.03,0.0
N1156dw1,-3.066182778462518,0.64,139587.72114948079,0.0013079794797164312,7.8,0.0
N1156dw2,-2.8461827784625178,0.47,139587.72114948079,0.0013079794797164312,7.8,0.0
LV J0300+2546,-2.2461827784625177,0.47,139587.72114948079,0.0013079794797164312,7.8,0.0
KKH18,-2.366182778462518,0.47,139587.72114948079,0.003468319591788201,4.79,0.0
ESO300-016,-1.9261827784625178,0.47,139587.72114948079,0.0010276016470292827,8.8,0.0
UGC02684,-1.9961827784625177,0.47,139587.72114948079,0.0018892992074080466,6.49,0.0
KK27,-3.3861827784625183,0.47,139587.72114948079,0.004447432867000187,4.23,0.0
PGC013294,-2.0161827784625177,0.47,139587.72114948079,0.0015015070557969233,7.28,0.0
KKH22,-2.946182778462518,0.64,139587.72114948079,0.007396775686528451,3.28,0.0
KK35,-0.7661827784625178,0.47,139587.72114948079,0.007969222835477853,3.16,0.0
UGC02905,-1.7461827784625177,0.47,139587.72114948079,0.002341278227478608,5.83,0.0
CamA,-2.066182778462518,0.47,139587.72114948079,0.0062789950405526184,3.56,0.0
NGC1592,-0.43618277846251774,0.47,139587.72114948079,0.0009609645157100311,9.1,0.0
CamB,-2.446182778462518,0.47,139587.72114948079,0.00649612012619981,3.5,0.0
HIPASS J0457-42,-1.4061827784625178,0.47,139587.72114948079,0.0016474814253081655,6.95,0.0
KKH30,-3.9261827784625174,0.47,139587.72114948079,0.003929751681281367,4.5,0.0
GALFA-Dw4,-1.816182778462518,0.64,139587.72114948079,0.0015265665461811158,7.22,0.0
A0554+07,-2.066182778462518,0.47,139587.72114948079,0.0026306602163949644,5.5,0.0
KKH34,-3.0561827784625177,0.47,139587.72114948079,0.0037444521504203187,4.61,0.0
ESO121-020,-1.816182778462518,0.47,139587.72114948079,0.0021526973561382143,6.08,0.0
LV J0616-5745,-2.4961827784625177,0.47,139587.72114948079,0.002210485320720769,6.0,0.0
ESO489-056,-1.7061827784625176,0.47,139587.72114948079,0.001998625469243539,6.31,0.0
UGC03476,-1.006182778462518,0.47,139587.72114948079,0.00161939986988117,7.01,0.0
ESO490-017,-0.8561827784625177,0.47,139587.72114948079,0.0019797557828704552,6.34,0.0
KK55,-1.646182778462518,0.64,139587.72114948079,0.0009044497836656004,9.38,0.0
KKH37,-2.9961827784625177,0.47,139587.72114948079,0.0067247052077092076,3.44,0.0
KKH38,-1.6561827784625178,0.47,139587.72114948079,0.0007648738133981901,10.2,0.0
FG202,-1.2861827784625177,0.47,139587.72114948079,0.0028329466552491165,5.3,0.0
UGC03755,-0.9661827784625178,0.47,139587.72114948079,0.0013456665479452934,7.69,0.0
UGC03817,-1.356182778462518,0.47,139587.72114948079,0.0010885738729311263,8.55,0.0
DDO043,-1.0561827784625177,0.47,139587.72114948079,0.0007259333899461476,10.47,0.0
NGC2366,-0.10618277846251767,0.47,139587.72114948079,0.007396775686528451,3.28,0.00145183677629246
AGC174585,-2.5361827784625177,0.47,139587.72114948079,0.0013317758894705975,7.73,0.0
DDO046,-1.1561827784625178,0.47,139587.72114948079,0.0007385764043973297,10.38,0.0
KK65,-1.026182778462518,0.47,139587.72114948079,0.001249638374538283,7.98,0.0
KKH40,-1.566182778462518,0.47,139587.72114948079,0.0009300507996604548,9.25,0.0
AGC174605,-2.716182778462518,0.47,139587.72114948079,0.0008652725406521138,9.59,0.0
UGC04115,-0.9661827784625178,0.47,139587.72114948079,0.0012848152159043748,7.87,0.0
HIPASS J0801-21,-2.2661827784625177,0.64,139587.72114948079,0.0019797557828704552,6.34,0.0
KDG052,-4.386182778462518,0.47,139587.72114948079,0.00680358670581954,3.42,0.0
DDO052,-1.586182778462518,0.47,139587.72114948079,0.0008185332129112616,9.86,0.0
DDO053,-1.2861827784625177,0.47,139587.72114948079,0.005876171989156107,3.68,0.0
UGC04483,-1.5361827784625177,0.47,139587.72114948079,0.006209034638896076,3.58,0.0
AGC181604,-2.256182778462518,0.47,139587.72114948079,0.0013562276575944288,7.66,0.0
KK69,-2.7261827784625177,0.47,139587.72114948079,0.0009484166914478612,9.16,0.0
LV 0853+3318,-2.316182778462518,0.47,139587.72114948079,0.0008252150889737026,9.82,0.0
KSP-DW4,-1.856182778462518,0.64,139587.72114948079,0.0008252150889737026,9.82,0.0
LSBC D564-08,-2.396182778462518,0.47,139587.72114948079,0.0010206309380528349,8.83,0.0
KKH46,-1.756182778462518,0.47,139587.72114948079,0.0017727215759845768,6.7,0.0
LSBC D634-03,-3.266182778462518,0.47,139587.72114948079,0.0008652725406521138,9.59,0.0
KSP-DW12,-3.5861827784625175,0.64,139587.72114948079,0.0008252150889737026,9.82,0.0
KK71,-2.716182778462518,0.47,139587.72114948079,0.0008285867507907919,9.8,0.0
DDO056,-1.1861827784625176,0.47,139587.72114948079,0.0006685603781455611,10.91,0.0
LV J0913+1937,-2.0561827784625177,0.47,139587.72114948079,0.001004639206488419,8.9,0.0
KSP-DW24,-3.136182778462518,0.64,139587.72114948079,0.0008252150889737026,9.82,0.0
HIPASS J0916-23b,-1.816182778462518,0.47,139587.72114948079,0.00075009399138418,10.3,0.0
LSBC D565-06,-3.046182778462518,0.47,139587.72114948079,0.0009220589930947394,9.29,0.0
KSP-DW30,-3.346182778462518,0.47,139587.72114948079,0.0008252150889737026,9.82,0.0
KJ78,-2.946182778462518,0.47,139587.72114948079,0.0015875361395581505,7.08,0.0
AGC198508,-1.626182778462518,0.47,139587.72114948079,0.0007357384573404925,10.4,0.0
ESO565-003,-1.5761827784625178,0.47,139587.72114948079,0.0014071955555742784,7.52,0.0
[CKT2009]d0926+70,-4.126182778462518,0.47,139587.72114948079,0.006883864320583709,3.4,0.0
KDG056,-3.5761827784625178,0.47,139587.72114948079,0.001004639206488419,8.9,0.0
NGC2903-HI-1,-2.086182778462518,0.47,139587.72114948079,0.001004639206488419,8.9,0.0
ESO373-007,-2.2861827784625177,0.47,139587.72114948079,0.0011551382137603087,8.3,0.0
LeoT,-6.861866715778079,0.47,10943.677338119296,0.45111945320832014,0.42,0.0
[CKT2009]d0939+71,-5.866182778462518,0.47,139587.72114948079,0.005973163561339665,3.65,0.0
LV J0939-2507,-1.6161827784625178,0.47,139587.72114948079,0.0021039717508347586,6.15,0.0
KDG058,-3.4961827784625177,0.47,139587.72114948079,0.0007957747154594767,10.0,0.0
HolmI,-1.3661827784625178,0.47,139587.72114948079,0.004924226599957161,4.02,0.0
UGC05186,-3.1661827784625176,0.47,139587.72114948079,0.0011551382137603087,8.3,0.0
AGC198691,-2.426182778462518,0.47,139587.72114948079,0.0012433979929054324,8.0,0.0
UGC05209,-2.116182778462518,0.47,139587.72114948079,0.0007663757743785415,10.19,0.0
RKK1610,-1.236182778462518,0.64,139587.72114948079,0.000910263050655697,9.35,0.0
Antlia B,-3.827185875975382,0.64,103239.07856215599,0.04782012592148769,1.29,0.0
KK78,-2.296182778462518,0.47,139587.72114948079,0.0015786048709769429,7.1,0.0
DDO064,-0.8261827784625176,0.47,139587.72114948079,0.001574167473674638,7.11,0.0
BK3N,-4.386182778462518,0.47,139587.72114948079,0.004576337292522682,4.17,0.0
KKSG15,-1.9261827784625178,0.47,139587.72114948079,0.0008457590769045348,9.7,0.0
JKB83,-2.676182778462518,0.47,139587.72114948079,0.005812817497877843,3.7,0.0
KDG61em,-2.336182778462518,0.47,139587.72114948079,0.005812817497877843,3.7,0.0
ClumpI,-4.276182778462518,0.64,139587.72114948079,0.006140237002002134,3.6,0.0
A0952+69,-2.366182778462518,0.47,139587.72114948079,0.005152346181972539,3.93,0.0
HolmIX,-1.9961827784625177,0.47,139587.72114948079,0.005368694319173395,3.85,0.0
AGC718245,-2.5761827784625178,0.47,139587.72114948079,0.001473043112516964,7.35,0.0
AGC198712,-2.856182778462518,0.47,139587.72114948079,0.0015965434187327496,7.06,0.0
LeoA,-3.8699018571119272,0.47,33972.54937842475,0.14532043744694606,0.74,0.0
[CKT2009]d0959+68,-3.196182778462518,0.47,139587.72114948079,0.004364498875436584,4.27,0.0
SexB,-2.0776932216437562,0.47,126863.52487936593,0.0389150919585054,1.43,0.0
LV J1000+3032,-3.0361827784625177,0.47,139587.72114948079,0.0015786048709769429,7.1,0.0
ClumpIII,-3.3361827784625175,0.47,139587.72114948079,0.006140237002002134,3.6,0.0
MCG -01-26-009,-1.4661827784625179,0.47,139587.72114948079,0.0008457590769045348,9.7,0.0
KKSG17,-2.2661827784625177,0.47,139587.72114948079,0.0008457590769045348,9.7,0.0
GARLAND,-1.3261827784625178,0.47,139587.72114948079,0.005453350480109349,3.82,0.0
Antlia,-3.284924162261066,0.47,116440.97503353805,0.04239835449195357,1.37,0.0
UGC05423,-1.006182778462518,0.47,139587.72114948079,0.001011446454371584,8.87,0.0
SexA,-1.5156292921039303,0.47,130436.97054079265,0.03784897576501673,1.45,0.0
HS117,-3.976182778462518,0.47,139587.72114948079,0.005074576034712508,3.96,0.0
LV J1021+0054,-2.336182778462518,0.47,139587.72114948079,0.0017311342475689316,6.78,0.0
LeoP,-3.366182778462518,0.47,139587.72114948079,0.026588750558303873,1.73,0.0
KKSG19,-2.396182778462518,0.64,139587.72114948079,0.0020635116998956975,6.21,0.0
LV J1028+4240,-2.2061827784625176,0.47,139587.72114948079,0.0013960347624393259,7.55,0.0
[CKT2009]d1028+70,-2.796182778462518,0.47,139587.72114948079,0.005396692677540939,3.84,0.0
LV J1030+0607,-2.376182778462518,0.47,139587.72114948079,0.0013079794797164312,7.8,0.0
AGC731457,-1.836182778462518,0.47,139587.72114948079,0.0007190492809816146,10.52,0.0
AGC202248,-2.356182778462518,0.47,139587.72114948079,0.0007357384573404925,10.4,0.0
DDO083,-1.0161827784625177,0.47,139587.72114948079,0.000669787657149631,10.9,0.0
AGC208397,-3.086182778462518,0.47,139587.72114948079,0.0007648738133981901,10.2,0.0
LeG04,-2.836182778462518,0.64,139587.72114948079,0.0007357384573404925,10.4,0.0
LeG05,-3.0561827784625177,0.47,139587.72114948079,0.0007357384573404925,10.4,0.0
LeG06,-3.2461827784625177,0.47,139587.72114948079,0.0007357384573404925,10.4,0.0
AGC208399,-3.2161827784625174,0.64,139587.72114948079,0.0007800948097828416,10.1,0.0
[CKT2009]d1041+70,-4.176182778462517,0.64,139587.72114948079,0.005812817497877843,3.7,0.0
N3344dw1,-3.4661827784625174,0.64,139587.72114948079,0.0008252150889737026,9.82,0.0
ESO376-016,-1.7461827784625177,0.64,139587.72114948079,0.001661796909893992,6.92,0.0
LeG10,-4.326182778462518,0.47,139587.72114948079,0.0007357384573404925,10.4,0.0
LeG11,-2.866182778462518,0.64,139587.72114948079,0.0007357384573404925,10.4,0.0
LeG12,-3.196182778462518,0.47,139587.72114948079,0.0007357384573404925,10.4,0.0
LeG13,-2.5961827784625178,0.47,139587.72114948079,0.0007357384573404925,10.4,0.0
LeG18,-4.206182778462518,0.47,139587.72114948079,0.0007357384573404925,10.4,0.0
KK94,-4.156182778462518,0.47,139587.72114948079,0.0007357384573404925,10.4,0.0
LeG21,-3.9661827784625174,0.47,139587.72114948079,0.0007357384573404925,10.4,0.0
DDO087,-1.6361827784625178,0.47,139587.72114948079,0.0014337637321913007,7.45,0.0
LeG22,-2.506182778462518,0.64,139587.72114948079,0.0007357384573404925,10.4,0.0
LeG23,-3.406182778462518,0.47,139587.72114948079,0.0007357384573404925,10.4,0.0
AGC205540,-4.536182778462518,0.47,139587.72114948079,0.0007357384573404925,10.4,0.0
LV J1052+3628,-2.636182778462518,0.47,139587.72114948079,0.0009401875182649774,9.2,0.0
UGC05983,-3.0561827784625177,0.47,139587.72114948079,0.0009401875182649774,9.2,0.0
LV J1052+3639,-1.4361827784625176,0.47,139587.72114948079,0.0009401875182649774,9.2,0.0
KDG073,-3.8761827784625176,0.47,139587.72114948079,0.005205190412539666,3.91,0.0
LeG28,-2.656182778462518,0.64,139587.72114948079,0.0007357384573404925,10.4,0.0
LSBC D640-12,-3.5361827784625177,0.47,139587.72114948079,0.0007357384573404925,10.4,0.0
LSBC D640-13,-1.7661827784625177,0.47,139587.72114948079,0.0007357384573404925,10.4,0.0
HS1053+3624,-2.0561827784625177,0.47,139587.72114948079,0.0009401875182649774,9.2,0.0
ESO215-009,-2.236182778462518,0.47,139587.72114948079,0.0026595948499526308,5.47,0.0
VV747,-1.2461827784625177,0.47,139587.72114948079,0.0009401875182649774,9.2,0.0
LeG33,-4.516182778462518,0.47,139587.72114948079,0.0007357384573404925,10.4,0.0
CGCG 066-109,-1.606182778462518,0.47,139587.72114948079,0.00075009399138418,10.3,0.0
KKSG20,-3.6261827784625176,0.47,139587.72114948079,0.0006950604554629024,10.7,0.0
UGC06145,-1.836182778462518,0.47,139587.72114948079,0.0006950604554629024,10.7,0.0
KKSG22,-2.546182778462518,0.64,139587.72114948079,0.0006950604554629024,10.7,0.0
AGC202256,-2.296182778462518,0.47,139587.72114948079,0.0006576650540987411,11.0,0.0
IC2684,-2.396182778462518,0.47,139587.72114948079,0.00075009399138418,10.3,0.0
UGC06456,-0.9461827784625177,0.47,139587.72114948079,0.003712172541083257,4.63,0.0
AGC213091,-3.7961827784625175,0.47,139587.72114948079,0.0011777320692209325,8.22,0.0
KKH68,-2.426182778462518,0.47,139587.72114948079,0.0011014182912933933,8.5,0.0
HIPASS J1131-31,-2.4161827784625176,0.64,139587.72114948079,0.0017727215759845768,6.7,0.0
HIPASS J1133-32,-2.2861827784625177,0.64,139587.72114948079,0.002537546924296801,5.6,0.0
UGC06541,-1.1361827784625178,0.47,139587.72114948079,0.004447432867000187,4.23,0.0
KKH69,-2.3261827784625178,0.47,139587.72114948079,0.0014532043744694607,7.4,0.0
ESO320-014,-2.2461827784625177,0.47,139587.72114948079,0.002210485320720769,6.0,0.0
[KK98] 108,-3.8861827784625183,0.47,139587.72114948079,0.0012433979929054324,8.0,0.0
UGC06757,-2.626182778462518,0.47,139587.72114948079,0.0037444521504203187,4.61,0.0
KK109,-4.5461827784625175,0.47,139587.72114948079,0.003912344164775378,4.51,0.0
KKH73,-2.376182778462518,0.64,139587.72114948079,0.0009824379203203417,9.0,0.0
DDO099,-1.796182778462518,0.47,139587.72114948079,0.011331786620996466,2.65,0.0
Grapes,-4.376182778462518,0.47,139587.72114948079,0.0025557698239342913,5.58,0.0
AGC215145,-3.2061827784625176,0.64,139587.72114948079,0.0011834841098445521,8.2,0.0
ESO379-007,-2.776182778462518,0.47,139587.72114948079,0.002679150628598524,5.45,0.0
KDG81,-2.0961827784625178,0.47,139587.72114948079,0.0008527777943446506,9.66,0.0
LV J1157+56sat,-4.286182778462518,0.47,139587.72114948079,0.0009934455422233722,8.95,0.0
LV J1157+5638,-2.2061827784625176,0.47,139587.72114948079,0.0010393792201919695,8.75,0.0
LV J1158+1535,-3.446182778462518,0.47,139587.72114948079,0.0020242076149545743,6.27,0.0
BTS76,-2.836182778462518,0.47,139587.72114948079,0.002564954973132795,5.57,0.0
LV J1203+4739,-2.406182778462518,0.47,139587.72114948079,0.0014184907254344943,7.49,0.0
ESO379-024,-2.5161827784625177,0.64,139587.72114948079,0.0033415694515061337,4.88,0.0
[KK98] 125,-3.9661827784625174,0.47,139587.72114948079,0.0012433979929054324,8.0,0.0
ESO321-014,-2.216182778462518,0.47,139587.72114948079,0.007176317898614622,3.33,0.0
UGC07242,-1.9061827784625178,0.47,139587.72114948079,0.002679150628598524,5.45,0.0
VCC0114,-2.336182778462518,0.47,139587.72114948079,0.0011834841098445521,8.2,0.0
MCG +09-20-131,-2.9961827784625177,0.47,139587.72114948079,0.0037444521504203187,4.61,0.0
LV J1215+4732,-3.2961827784625175,0.64,139587.72114948079,0.0013562276575944288,7.66,0.0
VCC0169,-3.406182778462518,0.47,139587.72114948079,0.0009006051555675381,9.4,0.0
UGC07298,-3.406182778462518,0.47,139587.72114948079,0.004532753376088519,4.19,0.0
LV J1217+4703,-4.826182778462518,0.47,139587.72114948079,0.0013562276575944288,7.66,0.0
UGC07320,-2.136182778462518,0.47,139587.72114948079,0.0009401875182649774,9.2,0.0
KKH78,-4.886182778462518,0.47,139587.72114948079,0.0036024206222701523,4.7,0.0
KK133,-2.7261827784625177,0.47,139587.72114948079,0.0011748717616689624,8.23,0.0
KK135,-3.0161827784625177,0.47,139587.72114948079,0.004000556594037064,4.46,0.0
VCC0381,-2.386182778462518,0.47,139587.72114948079,0.0010988312850430705,8.51,0.0
KDG104,-3.046182778462518,0.47,139587.72114948079,0.0009006051555675381,9.4,0.0
KDG105,-2.946182778462518,0.47,139587.72114948079,0.001377726307928457,7.6,0.0
UGC7427,-1.3261827784625178,0.47,139587.72114948079,0.0008457590769045348,9.7,0.0
KK138,-3.3361827784625175,0.64,139587.72114948079,0.002004975347592534,6.3,0.0
GR34,-2.606182778462518,0.47,139587.72114948079,0.0009220589930947394,9.29,0.0
VCC0565,-2.426182778462518,0.47,139587.72114948079,0.0008634708284065503,9.6,0.0
KK141,-1.9761827784625177,0.47,139587.72114948079,0.001314712953686991,7.78,0.0
BTS133,-2.256182778462518,0.47,139587.72114948079,0.000984624759755898,8.99,0.0
PGC5059199,-4.426182778462517,0.64,139587.72114948079,0.007006971228587702,3.37,0.0
KK144,-2.4161827784625176,0.47,139587.72114948079,0.0021039717508347586,6.15,0.0
UGCA281,-0.44618277846251775,0.47,139587.72114948079,0.0024492912140950344,5.7,0.0
DDO126,-1.2161827784625179,0.47,139587.72114948079,0.0032216425938304954,4.97,0.0
KKH80,-3.236182778462518,0.47,139587.72114948079,0.001441492902730513,7.43,0.0
DDO127,-2.4561827784625176,0.47,139587.72114948079,0.0035719563140058385,4.72,0.0
UGC07596,-2.8461827784625178,0.47,139587.72114948079,0.0037607500730599095,4.6,0.0
UGC07605,-1.7161827784625179,0.47,139587.72114948079,0.003541876815767935,4.74,0.0
KK149,-1.6861827784625176,0.47,139587.72114948079,0.0010988312850430705,8.51,0.0
UGC07636,-3.006182778462518,0.47,139587.72114948079,0.00294295382936197,5.2,0.0
AGC229379,-3.6761827784625174,0.47,139587.72114948079,0.0007357384573404925,10.4,0.0
AGC724906,-2.8061827784625177,0.47,139587.72114948079,0.0013960347624393259,7.55,0.0
MAPS1231+42,-2.606182778462518,0.47,139587.72114948079,0.0010023853895728412,8.91,0.0
DDO131,-1.256182778462518,0.47,139587.72114948079,0.0012128863213831378,8.1,0.0
DDO133,-1.1061827784625176,0.47,139587.72114948079,0.0033415694515061337,4.88,0.0
BTS142,-2.9161827784625176,0.47,139587.72114948079,0.0007957747154594767,10.0,0.0
KDG155,-3.2061827784625176,0.47,139587.72114948079,0.0012098970771185302,8.11,0.0
KK152,-2.176182778462518,0.47,139587.72114948079,0.001671444476915515,6.9,0.0
LV J1235-1104,-1.1861827784625176,0.47,139587.72114948079,0.0007957747154594767,10.0,0.0
KKSG29,-2.4961827784625177,0.47,139587.72114948079,0.0013421735797933489,7.7,0.0
Arp211,-1.7661827784625177,0.47,139587.72114948079,0.0021108306598995132,6.14,0.0
KKSG30,-2.366182778462518,0.47,139587.72114948079,0.0009609645157100311,9.1,0.0
UGCA292,-1.6361827784625178,0.47,139587.72114948079,0.005368694319173395,3.85,0.0
UGC07827,-1.026182778462518,0.47,139587.72114948079,0.0011014182912933933,8.5,0.0
AGC749241,-3.226182778462518,0.47,139587.72114948079,0.002519518228807502,5.62,0.0
BTS146,-3.776182778462518,0.47,139587.72114948079,0.0011014182912933933,8.5,0.0
KDG178,-2.176182778462518,0.47,139587.72114948079,0.0014932908903349162,7.3,0.0
VCC1822,-2.0561827784625177,0.64,139587.72114948079,0.0012128863213831378,8.1,0.0
PGC4074723,-3.4661827784625174,0.47,139587.72114948079,0.004780461333738687,4.08,0.0
NGC 4631dw1,-4.036182778462518,0.47,139587.72114948079,0.0014532043744694607,7.4,0.0
LV J1241+3251,-1.9461827784625179,0.47,139587.72114948079,0.0014932908903349162,7.3,0.0
NGC 4631dw2,-4.3361827784625175,0.47,139587.72114948079,0.0014532043744694607,7.4,0.0
IC3687,-1.0461827784625175,0.47,139587.72114948079,0.00381028741080626,4.57,0.0
PGC42772,-1.796182778462518,0.47,139587.72114948079,0.0012372042391830223,8.02,0.0
dw1243-42b,-3.4961827784625177,0.64,139587.72114948079,0.006140237002002134,3.6,0.0
KDG192,-1.8061827784625177,0.47,139587.72114948079,0.0014337637321913007,7.45,0.0
LV J1243+4127,-3.7061827784625176,0.47,139587.72114948079,0.0021456335467696557,6.09,0.0
KK160,-4.036182778462518,0.47,139587.72114948079,0.004244380819458617,4.33,0.0
NGC4656UV,-0.3861827784625177,0.47,139587.72114948079,0.00272899422311206,5.4,0.0
[KK2000] 51,-3.116182778462518,0.64,139587.72114948079,0.006140237002002134,3.6,0.0
DDO143,-0.7861827784625176,0.47,139587.72114948079,0.0009609645157100311,9.1,0.0
ESO381-018,-2.2261827784625177,0.64,139587.72114948079,0.002679150628598524,5.45,0.0
ESO381-020,-0.9061827784625177,0.47,139587.72114948079,0.0026595948499526308,5.47,0.0
VCC2037,-1.816182778462518,0.47,139587.72114948079,0.000856319962056736,9.64,0.0
DDO147,-2.466182778462518,0.47,139587.72114948079,0.008783288434558965,3.01,0.0
NGC4707,-1.0561827784625177,0.47,139587.72114948079,0.0018719530172839512,6.52,0.0
SDSS J124936.90+215505.7,-2.4761827784625177,0.47,139587.72114948079,0.001473043112516964,7.35,0.0
UGC07983,-1.836182778462518,0.47,139587.72114948079,0.0009006051555675381,9.4,0.0
BTS157,-3.396182778462518,0.47,139587.72114948079,0.0009737630142575243,9.04,0.0
KK167,-1.7161827784625179,0.47,139587.72114948079,0.0009401875182649774,9.2,0.0
IC3840,-2.256182778462518,0.47,139587.72114948079,0.0026306602163949644,5.5,0.0
KKSG38,-1.7261827784625177,0.47,139587.72114948079,0.0007357384573404925,10.4,0.0
KKSG39,-4.016182778462518,0.47,139587.72114948079,0.0017209660801459272,6.8,0.0
DDO154,-1.6761827784625178,0.47,139587.72114948079,0.0048755925611427605,4.04,0.0
ESO443-009,-2.366182778462518,0.47,139587.72114948079,0.0022327570725191475,5.97,0.0
KDG215,-2.986182778462518,0.47,139587.72114948079,0.0034111111773786023,4.83,0.0
GR8,-1.8261827784625178,0.47,139587.72114948079,0.01659212100372129,2.19,0.0
HIPASS J1258-04,-1.7061827784625176,0.47,139587.72114948079,0.0018834904507916608,6.5,0.0
KK176,-2.5361827784625177,0.47,139587.72114948079,0.001671444476915515,6.9,0.0
PGC1059300,-2.506182778462518,0.47,139587.72114948079,0.0028761971239264585,5.26,0.0
UGCA319,-2.256182778462518,0.47,139587.72114948079,0.0014932908903349162,7.3,0.0
dw1303+42,-3.3361827784625175,0.47,139587.72114948079,0.0009737630142575243,9.04,0.0
ESO269-037,-3.556182778462518,0.47,139587.72114948079,0.008019901390370137,3.15,0.0
KK182,-2.4161827784625176,0.47,139587.72114948079,0.0022553671265388925,5.94,0.0
dw1305+41,-3.6661827784625176,0.47,139587.72114948079,0.0009737630142575243,9.04,0.0
dw1305+38,-3.606182778462518,0.47,139587.72114948079,0.0009737630142575243,9.04,0.0
UGC08215,-2.616182778462518,0.47,139587.72114948079,0.00381028741080626,4.57,0.0
MCG -04-31-038,-1.3061827784625177,0.47,139587.72114948079,0.0013079794797164312,7.8,0.0
KKH82,-3.2461827784625177,0.47,139587.72114948079,0.0012249547676844827,8.06,0.0
dw1313+46,-2.656182778462518,0.47,139587.72114948079,0.0011277986330208004,8.4,0.0
DDO167,-2.026182778462518,0.47,139587.72114948079,0.004405673165173573,4.25,0.0
KK191,-4.566182778462518,0.47,139587.72114948079,0.00116072533119133,8.28,0.0
DDO168,-1.2861827784625177,0.47,139587.72114948079,0.004405673165173573,4.25,0.0
DDO169NW,-2.736182778462518,0.47,139587.72114948079,0.004244380819458617,4.33,0.0
DDO169,-1.856182778462518,0.47,139587.72114948079,0.004091786423658233,4.41,0.0
KK193,-4.896182778462518,0.47,139587.72114948079,0.0009737630142575243,9.04,0.0
dw1315-45,-3.766182778462518,0.64,139587.72114948079,0.006140237002002134,3.6,0.0
KK194,-3.596182778462518,0.47,139587.72114948079,0.0009737630142575243,9.04,0.0
AGC239141,-3.306182778462518,0.47,139587.72114948079,0.003287455860679311,4.92,0.0
AGC732602,-2.2461827784625177,0.47,139587.72114948079,0.0011834841098445521,8.2,0.0
KK195,-2.776182778462518,0.47,139587.72114948079,0.0029204456608809205,5.22,0.0
[KK2000] 54,-3.226182778462518,0.64,139587.72114948079,0.0033143470031631677,4.9,0.0
KK196,-3.006182778462518,0.47,139587.72114948079,0.005074576034712508,3.96,0.0
dw1322-39,-3.4661827784625174,0.64,139587.72114948079,0.006140237002002134,3.6,0.0
KK200,-3.4161827784625176,0.47,139587.72114948079,0.003512175673767199,4.76,0.0
dw1326-35,-3.6361827784625183,0.64,139587.72114948079,0.0033143470031631677,4.9,0.0
IC4247,-1.9361827784625176,0.47,139587.72114948079,0.0029657232132029813,5.18,0.0
KK203,-3.226182778462518,0.64,139587.72114948079,0.005598960911984722,3.77,0.0
LV J1328+4937,-2.0561827784625177,0.47,139587.72114948079,0.0011277986330208004,8.4,0.0
UGC08508,-1.816182778462518,0.47,139587.72114948079,0.011162657849871322,2.67,0.0
dw1330-32,-3.7461827784625177,0.64,139587.72114948079,0.0033143470031631677,4.9,0.0
NGC5238,-1.1161827784625178,0.47,139587.72114948079,0.003912344164775378,4.51,0.0
UGCA365,-3.5761827784625178,0.47,139587.72114948079,0.002708891203345123,5.42,0.0
dw1336-44,-4.326182778462518,0.64,139587.72114948079,0.006140237002002134,3.6,0.0
MCG +08-25-028,-1.606182778462518,0.47,139587.72114948079,0.0011277986330208004,8.4,0.0
HIDEEP J1337-33,-3.2061827784625176,0.47,139587.72114948079,0.0038438580628401245,4.55,0.0
dw1337-33,-3.2061827784625176,0.64,139587.72114948079,0.0033143470031631677,4.9,0.0
ESO444-084,-1.6861827784625176,0.47,139587.72114948079,0.0037444521504203187,4.61,0.0
HIPASS J1337-39,-2.236182778462518,0.47,139587.72114948079,0.0030836331896718513,5.08,0.0
UGC08638,-1.5761827784625178,0.47,139587.72114948079,0.004323899106500599,4.29,0.0
DDO181,-1.7661827784625177,0.47,139587.72114948079,0.008280694229547103,3.1,0.0
IC4316,-1.7861827784625177,0.47,139587.72114948079,0.004205441751668526,4.35,0.0
dw1340+45,-2.5161827784625177,0.47,139587.72114948079,0.0011277986330208004,8.4,0.0
DDO182,-1.2661827784625177,0.47,139587.72114948079,0.001004639206488419,8.9,0.0
ESO325-011,-1.0361827784625177,0.47,139587.72114948079,0.006883864320583709,3.4,0.0
ESO174-001,-1.6561827784625178,0.64,139587.72114948079,0.006140237002002134,3.6,0.0
HIPASS J1348-37,-2.816182778462518,0.64,139587.72114948079,0.002492833316499261,5.65,0.0
KK221,-2.9561827784625176,0.64,139587.72114948079,0.005453350480109349,3.82,0.0
DDO183,-2.276182778462518,0.47,139587.72114948079,0.007263302776165577,3.31,0.0
HIPASS J1351-47,-2.656182778462518,0.64,139587.72114948079,0.002423711324493044,5.73,0.0
KKH86,-5.196182778462518,0.47,139587.72114948079,0.011681782643523682,2.61,0.0
UGC08833,-2.4961827784625177,0.47,139587.72114948079,0.007533961803166643,3.25,0.0
M101-df1,-5.2561827784625175,0.47,139587.72114948079,0.0019611520728776144,6.37,0.0
PGC2448110,-2.656182778462518,0.47,139587.72114948079,0.0027493218565922137,5.38,0.0
KK230,-4.626182778462518,0.47,139587.72114948079,0.01629316998954724,2.21,0.0
dw1410-34,-3.186182778462518,0.64,139587.72114948079,0.0033143470031631677,4.9,0.0
KKH87,-1.6961827784625179,0.47,139587.72114948079,0.001011446454371584,8.87,0.0
dw1415-32,-3.7061827784625176,0.64,139587.72114948079,0.0033143470031631677,4.9,0.0
DDO187,-3.126182778462518,0.47,139587.72114948079,0.015043000292239638,2.3,0.0
PGC051659,-2.7461827784625177,0.47,139587.72114948079,0.006106266184724463,3.61,0.0
Centaurus A-dE5,-2.756182778462518,0.64,139587.72114948079,0.0009824379203203417,9.0,0.0
ESO222-010,-1.526182778462518,0.47,139587.72114948079,0.0023655609853135457,5.8,0.0
ESO272-025,-1.4361827784625176,0.47,139587.72114948079,0.002301629863307756,5.88,0.0
UGC09540,-1.546182778462518,0.47,139587.72114948079,0.0009200771366163447,9.3,0.0
ESO223-009,-0.1561827784625177,0.47,139587.72114948079,0.001998625469243539,6.31,0.00016347832767361212
HIZOA J1616-55,-2.466182778462518,0.64,139587.72114948079,0.000815222667413288,9.88,0.0
KDG235,-1.896182778462518,0.47,139587.72114948079,0.0007082366638122791,10.6,0.0
NGC6503-d1,-2.1661827784625176,0.47,139587.72114948079,0.0020371832715762603,6.25,0.0
ESO104-022,-0.9261827784625177,0.47,139587.72114948079,0.0009934455422233722,8.95,0.0
[KK2000] 70,-4.376182778462518,0.47,139587.72114948079,0.0008817448370742125,9.5,0.0
[KK2000] 71,-0.8461827784625177,0.47,139587.72114948079,0.0008817448370742125,9.5,0.0
ESO104-044,-1.7661827784625177,0.47,139587.72114948079,0.0008405517476062068,9.73,0.0
[KK2000] 72,-2.566182778462518,0.47,139587.72114948079,0.0008817448370742125,9.5,0.0
Sag dIr,-3.4815177855999804,0.47,72362.2746438909,0.06822485557780149,1.08,0.0
NGC6822,-1.9763586093042815,0.47,16775.342132808724,0.294295382936197,0.52,0.0
KK246,-2.0561827784625177,0.47,139587.72114948079,0.0016959341796781433,6.85,0.0
UGC11583,-1.876182778462518,0.47,139587.72114948079,0.0022938211162180345,5.89,0.0
KK251,-1.8661827784625178,0.47,139587.72114948079,0.0022938211162180345,5.89,0.0
KK252,-2.0161827784625177,0.47,139587.72114948079,0.0022938211162180345,5.89,0.0
KKR55,-1.3261827784625178,0.47,139587.72114948079,0.0022938211162180345,5.89,0.0
DDO210,-4.86591314518889,0.47,59582.24328531617,0.08285867507907922,0.98,0.0
ESO238-005,-1.4261827784625178,0.47,139587.72114948079,0.0012372042391830223,8.02,0.0
AM2220-460,-1.6961827784625179,0.47,139587.72114948079,0.0010276016470292827,8.8,0.0
AF7448_001,-2.316182778462518,0.47,139587.72114948079,0.0031830988618379067,5.0,0.0
UGCA438,-2.9961827784625177,0.47,139587.72114948079,0.016146715271882894,2.22,0.0
Pegasus,-3.90482182804139,0.47,58372.483035353995,0.08457590769045348,0.97,0.0
LV J2335-3713,-2.236182778462518,0.64,139587.72114948079,0.0013813590718310042,7.59,0.0
PGC680341,-2.376182778462518,0.47,139587.72114948079,0.0017940794746536554,6.66,0.0
KKH98,-2.7261827784625177,0.47,139587.72114948079,0.011955031480371922,2.58,0.0
ESO149-003,-1.3861827784625178,0.47,139587.72114948079,0.00161939986988117,7.01,0.0
PGC704814,-2.776182778462518,0.64,139587.72114948079,0.006140237002002134,3.6,0.0
